design_index,size,hierarchy_depth,hierarchy_branching,dependency_load,dependency_topology,duration_profile,priority_coverage,priority_alignment,temporal_coverage,temporal_pressure,temporal_shape,anchor_coverage,anchor_relation,expired_anchor_history,actionable_parent_coverage,lifecycle,heterogeneity
0,16,shallow,broad,heavy,chain,long,0.0,none,0.0,urgent,both,0.5,mixed,none,some,completion_heavy,mixed
1,128,flat,balanced,heavy,random_dag,short,0.25,duration_aligned,0.5,relaxed,deadline_only,0.75,before,dense,many,fresh,homogeneous
2,32,deep,narrow,moderate,fan_out,balanced,1.0,urgency_aligned,1.0,mixed,deadline_only,1.0,after,sparse,none,advanced,mixed
3,64,shallow,narrow,none,none,uniform,0.5,duration_opposed,0.25,overdue_mixed,release_only,0.0,none,sparse,some,mixed,homogeneous
4,256,deep,broad,sparse,layered,balanced,0.75,urgency_opposed,0.75,compressed,release_only,0.25,same,dense,none,early,homogeneous
5,64,medium,balanced,moderate,fan_in,bimodal,1.0,urgency_opposed,0.75,overdue_mixed,mixed,0.25,mixed,dense,many,completion_heavy,mixed
6,32,medium,balanced,sparse,random_dag,bimodal,0.75,random,1.0,mixed,both,0.75,after,none,none,mixed,homogeneous
7,16,medium,narrow,sparse,chain,uniform,0.25,random,0.5,relaxed,both,0.0,none,sparse,many,early,mixed
8,256,flat,balanced,none,none,long,0.0,none,0.25,urgent,mixed,1.0,before,sparse,many,fresh,homogeneous
9,128,deep,broad,moderate,fan_in,short,0.25,duration_opposed,0.25,relaxed,deadline_only,0.5,same,none,some,completion_heavy,mixed
10,16,flat,balanced,none,none,uniform,0.5,urgency_aligned,0.75,compressed,both,0.5,mixed,none,none,fresh,mixed
11,128,shallow,narrow,sparse,fan_out,long,1.0,duration_aligned,0.75,compressed,mixed,0.0,none,sparse,some,advanced,homogeneous
12,64,medium,broad,heavy,layered,long,0.25,duration_aligned,1.0,urgent,release_only,1.0,after,none,many,early,mixed
13,32,flat,balanced,heavy,fan_out,balanced,0.75,duration_opposed,0.0,overdue_mixed,both,0.0,none,dense,many,advanced,mixed
14,32,shallow,broad,none,none,short,0.75,random,0.5,mixed,release_only,0.25,before,none,some,advanced,homogeneous
15,16,deep,narrow,heavy,layered,bimodal,0.0,none,1.0,urgent,deadline_only,0.5,same,dense,none,mixed,homogeneous
16,256,shallow,balanced,moderate,fan_in,balanced,0.5,random,1.0,overdue_mixed,mixed,0.75,mixed,none,none,early,homogeneous
17,64,shallow,balanced,moderate,random_dag,long,0.5,urgency_aligned,0.5,relaxed,release_only,1.0,after,dense,some,completion_heavy,homogeneous
18,128,deep,broad,moderate,layered,short,0.5,duration_aligned,0.0,overdue_mixed,both,0.25,mixed,sparse,none,early,mixed
19,256,medium,balanced,sparse,chain,bimodal,0.5,urgency_aligned,0.25,mixed,deadline_only,0.0,none,none,some,fresh,mixed
20,64,deep,broad,none,none,balanced,1.0,urgency_opposed,0.5,mixed,deadline_only,0.75,same,sparse,some,completion_heavy,mixed
21,64,medium,broad,sparse,fan_in,short,0.75,urgency_aligned,0.75,urgent,both,0.5,before,sparse,many,mixed,mixed
22,16,deep,narrow,sparse,chain,short,1.0,urgency_opposed,0.25,relaxed,mixed,0.25,after,dense,none,fresh,mixed
23,32,medium,narrow,moderate,fan_out,balanced,0.0,none,0.25,compressed,release_only,0.5,before,dense,some,early,homogeneous
24,256,flat,balanced,sparse,chain,bimodal,0.25,duration_opposed,0.0,mixed,both,1.0,mixed,sparse,none,mixed,homogeneous
25,128,shallow,narrow,heavy,random_dag,uniform,0.75,duration_opposed,0.75,mixed,mixed,1.0,same,dense,many,completion_heavy,mixed
26,32,shallow,broad,moderate,layered,uniform,0.0,none,0.5,urgent,mixed,0.0,none,none,some,mixed,homogeneous
27,32,flat,balanced,heavy,fan_out,long,0.75,random,0.75,overdue_mixed,deadline_only,0.25,same,sparse,none,fresh,homogeneous
28,128,medium,balanced,none,none,bimodal,0.25,duration_opposed,1.0,compressed,deadline_only,0.25,before,sparse,none,completion_heavy,homogeneous
29,16,deep,narrow,heavy,random_dag,uniform,0.75,urgency_aligned,0.25,compressed,release_only,0.75,mixed,sparse,none,advanced,homogeneous
30,128,flat,balanced,sparse,layered,uniform,1.0,urgency_opposed,1.0,overdue_mixed,release_only,0.5,after,none,none,mixed,mixed
31,32,deep,narrow,sparse,fan_in,short,0.0,none,0.75,relaxed,both,1.0,after,none,many,advanced,homogeneous
32,256,deep,balanced,sparse,fan_out,bimodal,1.0,duration_aligned,0.5,relaxed,mixed,0.5,mixed,none,none,mixed,mixed
33,64,shallow,broad,moderate,chain,balanced,0.75,urgency_opposed,1.0,compressed,deadline_only,1.0,before,none,none,fresh,mixed
34,16,deep,broad,sparse,random_dag,balanced,1.0,duration_aligned,0.75,urgent,both,0.0,none,none,none,completion_heavy,mixed
35,256,deep,narrow,heavy,layered,long,0.25,urgency_opposed,0.25,mixed,both,0.75,same,dense,none,advanced,mixed
36,32,medium,narrow,none,none,balanced,1.0,random,0.0,relaxed,both,0.75,mixed,dense,none,early,mixed
37,128,flat,balanced,heavy,chain,balanced,0.25,urgency_aligned,0.75,overdue_mixed,release_only,1.0,same,dense,none,early,homogeneous
38,16,deep,balanced,heavy,fan_in,uniform,0.5,duration_opposed,1.0,urgent,deadline_only,0.75,before,dense,none,fresh,mixed
39,16,flat,balanced,moderate,random_dag,uniform,0.0,none,0.0,overdue_mixed,both,0.25,mixed,none,some,mixed,homogeneous
40,256,shallow,narrow,moderate,fan_out,short,0.25,duration_opposed,0.5,compressed,mixed,0.5,after,sparse,many,mixed,mixed
41,128,shallow,broad,moderate,fan_in,bimodal,0.75,duration_aligned,1.0,compressed,release_only,0.0,none,sparse,some,fresh,mixed
42,32,medium,balanced,moderate,fan_out,long,0.5,urgency_opposed,0.75,urgent,both,0.0,none,none,many,advanced,homogeneous
43,64,flat,balanced,heavy,fan_out,bimodal,0.0,none,0.75,mixed,both,0.75,same,sparse,some,advanced,homogeneous
44,16,deep,broad,sparse,fan_out,uniform,1.0,random,0.25,urgent,mixed,0.5,before,dense,many,completion_heavy,mixed
45,16,shallow,balanced,none,none,bimodal,0.5,duration_aligned,0.75,mixed,release_only,1.0,same,sparse,many,early,homogeneous
46,128,deep,balanced,heavy,fan_in,long,1.0,duration_opposed,0.5,urgent,release_only,0.25,same,sparse,some,early,mixed
47,32,medium,broad,sparse,chain,short,0.25,random,1.0,relaxed,both,0.0,none,dense,many,advanced,homogeneous
48,256,flat,balanced,heavy,layered,uniform,0.25,duration_aligned,0.5,mixed,mixed,0.5,before,none,some,completion_heavy,mixed
49,128,shallow,balanced,heavy,layered,long,0.75,random,0.0,relaxed,both,0.5,mixed,none,none,fresh,mixed
50,64,medium,balanced,moderate,fan_in,uniform,0.25,random,0.0,compressed,both,1.0,mixed,sparse,none,early,homogeneous
51,32,flat,balanced,moderate,chain,short,0.5,duration_aligned,0.25,urgent,both,0.75,after,sparse,many,completion_heavy,homogeneous
52,256,deep,balanced,sparse,random_dag,long,0.25,urgency_aligned,0.5,overdue_mixed,deadline_only,1.0,before,none,none,early,mixed
53,128,medium,broad,none,none,balanced,0.0,none,0.25,urgent,deadline_only,0.5,after,none,many,advanced,mixed
54,64,flat,balanced,moderate,fan_in,balanced,0.25,urgency_aligned,0.75,overdue_mixed,mixed,0.25,mixed,sparse,many,mixed,mixed
55,16,shallow,narrow,sparse,fan_in,long,0.75,urgency_aligned,0.5,mixed,deadline_only,0.5,mixed,sparse,none,mixed,homogeneous
56,32,medium,broad,heavy,random_dag,uniform,0.5,urgency_opposed,0.5,compressed,both,0.5,same,dense,some,early,mixed
57,128,deep,broad,sparse,layered,balanced,0.25,duration_opposed,0.0,overdue_mixed,both,1.0,mixed,sparse,some,fresh,mixed
58,64,medium,broad,heavy,layered,short,0.25,urgency_aligned,0.25,overdue_mixed,release_only,0.25,same,none,none,completion_heavy,mixed
