design_index,size,hierarchy_depth,hierarchy_branching,dependency_load,dependency_topology,duration_profile,priority_coverage,priority_alignment,temporal_coverage,temporal_pressure,anchor_coverage,anchor_relation,lifecycle,heterogeneity
0,16,shallow,broad,heavy,chain,long,0.0,none,0.0,urgent,0.5,mixed,fresh,mixed
1,32,deep,balanced,heavy,fan_out,uniform,1.0,urgency_opposed,0.75,overdue_mixed,0.25,same,early,homogeneous
2,256,flat,balanced,moderate,random_dag,bimodal,0.75,duration_aligned,0.25,compressed,0.0,none,advanced,mixed
3,256,medium,narrow,none,none,balanced,0.25,urgency_aligned,1.0,urgent,0.75,before,mixed,homogeneous
4,128,deep,narrow,sparse,layered,long,0.5,random,0.25,mixed,1.0,after,mixed,mixed
5,128,medium,broad,moderate,fan_out,short,1.0,duration_opposed,0.5,relaxed,0.5,after,completion_heavy,homogeneous
6,64,shallow,narrow,sparse,fan_in,short,0.0,none,1.0,compressed,0.0,none,early,homogeneous
7,64,flat,balanced,sparse,layered,balanced,0.25,random,0.5,relaxed,0.25,same,fresh,mixed
8,64,deep,broad,none,none,uniform,0.75,duration_aligned,0.0,compressed,1.0,mixed,advanced,homogeneous
9,32,medium,narrow,heavy,fan_in,bimodal,0.5,random,0.75,overdue_mixed,0.75,mixed,completion_heavy,mixed
10,16,flat,balanced,sparse,chain,bimodal,0.25,duration_opposed,1.0,mixed,1.0,before,completion_heavy,homogeneous
11,16,medium,balanced,none,none,long,0.5,urgency_opposed,0.5,mixed,0.0,none,early,homogeneous
12,16,shallow,narrow,heavy,random_dag,short,0.75,urgency_aligned,0.5,relaxed,1.0,same,advanced,mixed
13,128,shallow,broad,none,none,bimodal,0.0,none,0.75,relaxed,0.25,before,fresh,mixed
14,64,medium,narrow,moderate,layered,uniform,0.75,duration_opposed,0.25,overdue_mixed,0.75,before,fresh,homogeneous
15,32,flat,balanced,moderate,fan_in,balanced,0.0,none,0.75,mixed,0.5,after,mixed,mixed
16,256,shallow,broad,sparse,random_dag,uniform,0.25,urgency_opposed,1.0,mixed,0.25,after,fresh,mixed
17,32,deep,broad,heavy,layered,short,0.25,duration_opposed,0.75,urgent,0.0,none,early,mixed
18,64,shallow,narrow,moderate,chain,long,1.0,duration_aligned,0.25,urgent,0.75,same,completion_heavy,mixed
19,128,flat,balanced,sparse,fan_out,uniform,0.75,random,0.0,urgent,0.0,none,mixed,homogeneous
20,128,deep,balanced,moderate,random_dag,balanced,1.0,random,1.0,compressed,0.5,mixed,early,homogeneous
21,64,flat,balanced,sparse,fan_out,long,1.0,urgency_aligned,0.75,overdue_mixed,0.75,after,advanced,homogeneous
22,256,deep,narrow,none,none,uniform,0.0,none,0.5,overdue_mixed,0.5,before,completion_heavy,mixed
23,256,flat,balanced,heavy,fan_in,short,0.25,duration_aligned,0.0,relaxed,0.25,mixed,early,homogeneous
24,16,deep,broad,moderate,fan_out,balanced,0.5,duration_aligned,0.25,compressed,0.5,same,advanced,mixed
25,32,medium,balanced,sparse,chain,long,0.25,duration_opposed,0.0,compressed,0.25,mixed,advanced,homogeneous
26,16,deep,broad,none,none,bimodal,1.0,urgency_opposed,0.25,relaxed,0.75,same,mixed,mixed
27,128,deep,narrow,heavy,chain,balanced,0.25,urgency_aligned,1.0,overdue_mixed,0.0,none,mixed,homogeneous
28,32,shallow,broad,moderate,fan_in,bimodal,1.0,urgency_aligned,0.75,compressed,1.0,before,early,mixed
29,64,shallow,narrow,heavy,fan_out,short,0.5,duration_aligned,0.25,compressed,0.25,after,mixed,homogeneous
30,16,medium,narrow,heavy,layered,bimodal,0.0,none,1.0,overdue_mixed,1.0,same,advanced,homogeneous
31,32,flat,balanced,sparse,chain,balanced,0.75,urgency_opposed,0.5,urgent,1.0,after,completion_heavy,mixed
32,32,medium,narrow,heavy,fan_in,short,0.5,duration_aligned,0.5,mixed,0.75,before,fresh,mixed
33,64,shallow,balanced,sparse,layered,balanced,0.75,random,0.0,mixed,0.5,mixed,completion_heavy,mixed
34,32,flat,balanced,none,none,short,0.5,duration_opposed,1.0,urgent,0.5,after,mixed,homogeneous
35,256,shallow,narrow,moderate,fan_in,long,0.75,urgency_opposed,1.0,relaxed,0.0,none,advanced,mixed
36,16,shallow,broad,heavy,fan_in,uniform,0.5,urgency_aligned,0.25,relaxed,0.75,mixed,early,homogeneous
37,256,medium,broad,moderate,fan_out,bimodal,1.0,urgency_aligned,0.75,mixed,0.5,same,fresh,homogeneous
38,16,shallow,broad,heavy,random_dag,short,0.0,none,0.0,overdue_mixed,0.75,mixed,mixed,mixed
39,64,medium,broad,moderate,random_dag,bimodal,1.0,duration_aligned,0.0,compressed,0.0,none,completion_heavy,mixed
40,16,flat,balanced,moderate,chain,bimodal,0.25,random,0.75,overdue_mixed,0.25,after,early,homogeneous
41,128,deep,balanced,heavy,fan_in,short,0.25,duration_aligned,0.25,urgent,0.5,same,advanced,homogeneous
42,256,shallow,broad,moderate,random_dag,balanced,0.5,duration_opposed,0.0,urgent,0.0,none,fresh,homogeneous
43,256,shallow,broad,moderate,layered,short,1.0,random,0.5,compressed,0.75,before,completion_heavy,homogeneous
44,128,flat,balanced,sparse,random_dag,long,0.75,urgency_opposed,0.75,mixed,0.25,before,mixed,homogeneous
45,32,flat,balanced,heavy,fan_out,bimodal,0.0,none,0.25,urgent,0.5,before,early,mixed
46,64,deep,narrow,sparse,fan_out,balanced,0.25,duration_opposed,1.0,compressed,1.0,same,fresh,homogeneous
47,32,flat,balanced,moderate,chain,short,0.75,urgency_opposed,0.5,relaxed,0.5,mixed,advanced,homogeneous
48,32,deep,narrow,none,none,uniform,0.75,random,0.0,mixed,1.0,mixed,advanced,mixed
49,256,shallow,narrow,sparse,chain,uniform,1.0,duration_aligned,0.5,overdue_mixed,0.5,before,advanced,mixed
50,16,medium,broad,moderate,chain,bimodal,0.75,urgency_aligned,0.5,urgent,0.25,after,completion_heavy,homogeneous
51,64,flat,balanced,moderate,layered,short,0.75,urgency_opposed,0.5,compressed,0.5,same,mixed,mixed
52,32,deep,narrow,heavy,fan_out,balanced,0.75,duration_aligned,1.0,compressed,0.75,mixed,early,mixed
53,128,shallow,balanced,sparse,chain,short,0.5,duration_aligned,0.75,urgent,0.75,same,fresh,homogeneous
54,256,flat,balanced,sparse,layered,uniform,0.75,urgency_aligned,0.5,urgent,1.0,before,completion_heavy,mixed
55,128,medium,narrow,heavy,fan_in,bimodal,1.0,duration_opposed,0.25,relaxed,0.75,same,completion_heavy,homogeneous
56,64,deep,broad,sparse,layered,short,0.5,duration_aligned,0.75,relaxed,0.25,mixed,fresh,mixed
57,32,medium,narrow,sparse,random_dag,uniform,0.0,none,0.0,urgent,0.0,none,advanced,homogeneous
