scenario_id,design_index,replicate,seed,today,size,hierarchy_depth,hierarchy_branching,dependency_load,dependency_topology,duration_profile,priority_coverage,priority_alignment,temporal_coverage,temporal_pressure,anchor_coverage,anchor_relation,lifecycle,heterogeneity,item_count_total,item_count_visible,item_count_active,item_count_actionable,item_count_frontier,item_count_executable,item_count_blocked,temporal_span_days,hierarchy_root_fraction,hierarchy_parent_fraction,hierarchy_frontier_fraction,hierarchy_mean_depth,hierarchy_max_depth,hierarchy_depth_std,hierarchy_mean_branching,hierarchy_max_branching,duration_under_20_fraction,duration_under_1h_fraction,duration_under_4h_fraction,duration_under_8h_fraction,duration_under_16h_fraction,duration_over_16h_fraction,duration_entropy,duration_long_fraction,priority_count,priority_coverage_fraction,temporal_release_fraction,temporal_deadline_fraction,temporal_both_fraction,temporal_unconstrained_fraction,temporal_window_mean_days,temporal_window_median_days,temporal_window_std_days,deadline_slack_mean_days,deadline_slack_median_days,deadline_slack_min_days,deadline_within_1d_fraction,deadline_within_3d_fraction,deadline_within_7d_fraction,overdue_fraction,deadline_collision_index,release_collision_index,anchor_count,anchor_fraction,anchor_collision_index,anchor_with_deadline_fraction,anchor_before_deadline_fraction,anchor_after_deadline_fraction,anchor_deadline_same_day_fraction,expired_anchor_history_fraction,dependency_edge_count,dependency_density,dependency_blocked_fraction,dependency_mean_indegree,dependency_max_indegree,dependency_mean_outdegree,dependency_max_outdegree,dependency_longest_chain,dependency_root_fraction,dependency_sink_fraction,lifecycle_completed_fraction,lifecycle_commenced_fraction,lifecycle_unstarted_fraction,lifecycle_mean_progress,lifecycle_progress_std,lifecycle_residual_fraction,lifecycle_decomposed_parent_fraction,lifecycle_blocked_fraction,confirmed_progress_segment_count,confirmed_progress_segment_density,workload_mass_total,workload_mass_due_3d,workload_mass_due_7d,workload_mass_due_14d,pressure_frontier_count,pressure_due_1d_count,pressure_due_3d_count,pressure_due_7d_count,pressure_due_14d_count,pressure_long_due_7d_fraction,pressure_anchored_7d_fraction,corr_priority_deadline_urgency,corr_duration_priority,corr_duration_deadline_urgency,corr_hierarchy_depth_duration,corr_hierarchy_depth_priority,corr_dependency_depth_deadline_urgency,corr_progress_priority,corr_progress_deadline_urgency
G000-R0,0,0,100000,2026-01-15,16,shallow,broad,heavy,chain,long,0.0,none,0.0,urgent,0.5,mixed,fresh,mixed,16,16,16,9,9,2,7,10,0.0625,0.4375,1.0,1.5,2,0.6123724356957945,2.142857142857143,6,0.0,0.1111111111111111,0.0,0.1111111111111111,0.3333333333333333,0.4444444444444444,0.6780428259561715,0.8888888888888888,0,0.0,0.0,0.0,0.0,1.0,,,,,,,0.0,0.0,0.0,0.0,0.0,0.0,4,0.4444444444444444,0.0,0.0,,,,0.0,7,0.09722222222222222,0.7777777777777778,0.7777777777777778,1,0.7777777777777778,1,7,0.2222222222222222,0.2222222222222222,0.0,0.0,1.0,0.0,0.0,0.0,0.0,0.7777777777777778,0,0.0,154.0,0,0,0,9,0,0,0,0,0.0,0.4444444444444444,,,,,,,,
G000-R1,0,1,100001,2026-01-15,16,shallow,broad,heavy,chain,long,0.0,none,0.0,urgent,0.5,mixed,fresh,mixed,16,16,16,9,9,2,7,10,0.0625,0.4375,1.0,1.5,2,0.6123724356957945,2.142857142857143,6,0.0,0.1111111111111111,0.0,0.2222222222222222,0.2222222222222222,0.4444444444444444,0.710490642551528,0.8888888888888888,0,0.0,0.0,0.0,0.0,1.0,,,,,,,0.0,0.0,0.0,0.0,0.0,0.0,4,0.4444444444444444,0.0,0.0,,,,0.0,7,0.09722222222222222,0.7777777777777778,0.7777777777777778,1,0.7777777777777778,1,7,0.2222222222222222,0.2222222222222222,0.0,0.0,1.0,0.0,0.0,0.0,0.0,0.7777777777777778,0,0.0,146.0,0,0,0,9,0,0,0,0,0.0,0.4444444444444444,,,,,,,,
G001-R0,1,0,100100,2026-01-15,32,deep,balanced,heavy,fan_out,uniform,1.0,urgency_opposed,0.75,overdue_mixed,0.25,same,early,homogeneous,32,32,32,16,16,4,12,30,0.03125,0.5,1.0,5.53125,8,2.135772328105222,1.9375,2,0.25,0.1875,0.125,0.1875,0.125,0.125,0.9789848253208956,0.4375,4,0.25,0.375,0.75,0.375,0.25,6.333333333333333,7.0,0.9428090415820634,-1.4166666666666667,-0.5,-14,0.0,0.16666666666666666,0.4166666666666667,0.5,0.25,0.33333333333333337,4,0.25,0.0,1.0,0.0,0.0,1.0,0.0,12,0.05,0.75,0.75,1,0.75,12,1,0.25,0.9375,0.0,0.4375,0.5625,0.08750000000000001,0.09921567416492215,0.0,0.0,0.75,7,0.4375,101.2,44.400000000000006,78.4,79.4,16,6,8,11,12,0.5454545454545454,0.25,-1.0,0.6324555320336759,-0.012591964860667245,-0.08284901744158642,-0.6324555320336759,-0.39070471801405887,,0.12133920952907253
G001-R1,1,1,100101,2026-01-15,32,deep,balanced,heavy,fan_out,uniform,1.0,urgency_opposed,0.75,overdue_mixed,0.25,same,early,homogeneous,32,32,32,16,16,4,12,30,0.03125,0.5,1.0,5.21875,8,1.9958452939794706,1.9375,2,0.25,0.0625,0.3125,0.0625,0.25,0.0625,0.8798570461711476,0.375,4,0.25,0.375,0.75,0.375,0.25,6.333333333333333,7.0,0.9428090415820634,-1.25,0.0,-14,0.08333333333333333,0.16666666666666666,0.3333333333333333,0.5,0.16666666666666663,0.33333333333333337,4,0.25,0.0,1.0,0.0,0.0,1.0,0.0,12,0.05,0.75,0.75,1,0.75,12,1,0.25,0.9375,0.0,0.375,0.625,0.07500000000000001,0.09682458365518543,0.0,0.0,0.75,6,0.375,102.80000000000001,54.800000000000004,75.0,81.0,16,7,8,10,12,0.5,0.25,-1.0,-0.31622776601683794,0.08603532236087151,-0.07110404584105831,0.7745966692414834,-0.1958089836025608,-0.7745966692414834,0.27025585909700006
G002-R0,2,0,100200,2026-01-15,256,flat,balanced,moderate,random_dag,bimodal,0.75,duration_aligned,0.25,compressed,0.0,none,advanced,mixed,256,256,223,223,223,145,78,10,1.0,0.0,1.0,0,0,0.0,,0,0.3094170403587444,0.15695067264573992,0.04484304932735426,0.053811659192825115,0.13901345291479822,0.29596412556053814,0.8844507414999823,0.48878923766816146,109,0.48878923766816146,0.1210762331838565,0.23766816143497757,0.1210762331838565,0.7623318385650224,4.222222222222222,3,1.8324913891634047,4,3,1,0.1320754716981132,0.5471698113207547,0.8867924528301887,0.0,0.8490566037735849,0.8888888888888888,0,0.0,0.0,0.0,,,,0.0,128,0.00196078431372549,0.34977578475336324,0.5,4,0.5,3,3,0.6484375,0.59765625,0.12890625,0.38671875,0.484375,0.416796875,0.41775896458392653,0.0,0.0,0.34977578475336324,118,0.4609375,892.6,106.2,195.6,204.2,223,7,29,47,53,0.46808510638297873,0.0,0.18875066839762594,-0.9432733530974472,-0.10551884014661858,,,-0.050656081693615435,-0.7595832764556653,-0.1447379352142282
G002-R1,2,1,100201,2026-01-15,256,flat,balanced,moderate,random_dag,bimodal,0.75,duration_aligned,0.25,compressed,0.0,none,advanced,mixed,256,256,224,224,224,132,92,10,1.0,0.0,1.0,0,0,0.0,,0,0.29017857142857145,0.15178571428571427,0.05357142857142857,0.05803571428571429,0.15625,0.29017857142857145,0.9020505584866431,0.5044642857142857,99,0.4419642857142857,0.125,0.2544642857142857,0.125,0.7455357142857143,4.178571428571429,3.0,1.8137091322278032,4.052631578947368,3,1,0.10526315789473684,0.5614035087719298,0.9122807017543859,0.0,0.8596491228070176,0.8928571428571429,0,0.0,0.0,0.0,,,,0.0,128,0.00196078431372549,0.4107142857142857,0.5,3,0.5,4,4,0.6171875,0.609375,0.125,0.3828125,0.4921875,0.416015625,0.4224386786929665,0.0,0.0,0.4107142857142857,113,0.44140625,941.0,99.0,149.79999999999998,188.8,224,6,32,52,57,0.5,0.0,-0.10459515672205873,-0.9493186698470765,-0.1368852238770418,,,-0.06409451381390648,-0.7655867031712004,-0.09343924281215964
G003-R0,3,0,100300,2026-01-15,256,medium,narrow,none,none,balanced,0.25,urgency_aligned,1.0,urgent,0.75,before,mixed,homogeneous,256,256,256,179,179,179,0,6,0.21484375,0.30078125,1.0,5.6171875,8,3.2042966607110133,2.6103896103896105,3,0.10614525139664804,0.1564245810055866,0.2569832402234637,0.19553072625698323,0.16201117318435754,0.12290502793296089,0.9761847271664258,0.48044692737430167,45,0.25139664804469275,0.5027932960893855,1.0,0.5027932960893855,0.0,2.088888888888889,2.0,1.0181076612404718,1.9553072625698324,2,0,0.3743016759776536,0.8770949720670391,1.0,0.0,0.9720670391061452,0.9777777777777777,134,0.7486033519553073,0.9626865671641791,1.0,1.0,0.0,0.0,0.0,0,0.0,0.0,0.0,0,0.0,0,0,1.0,1.0,0.0,0.48044692737430167,0.5195530726256983,0.288268156424581,0.2997705186410463,0.0,0.0,0.0,86,0.48044692737430167,767.8000000000001,680.4000000000001,767.8000000000001,767.8000000000001,179,67,157,179,179,0.48044692737430167,0.7486033519553073,0.8608755539377273,0.11480146692008023,0.17337584729028394,0.10557756709746421,0.32624597768888597,,0.18826639212705187,0.13153342546985328
G003-R1,3,1,100301,2026-01-15,256,medium,narrow,none,none,balanced,0.25,urgency_aligned,1.0,urgent,0.75,before,mixed,homogeneous,256,256,256,179,179,179,0,6,0.26171875,0.30078125,1.0,5.21875,8,3.370222312771073,2.4545454545454546,3,0.08379888268156424,0.2011173184357542,0.24581005586592178,0.20670391061452514,0.1564245810055866,0.10614525139664804,0.9651891931983265,0.4692737430167598,45,0.25139664804469275,0.5027932960893855,1.0,0.5027932960893855,0.0,2.033333333333333,2.0,0.971253485622231,1.899441340782123,2,0,0.4022346368715084,0.8994413407821229,1.0,0.0,0.9720670391061452,0.9777777777777777,134,0.7486033519553073,0.9626865671641791,1.0,1.0,0.0,0.0,0.0,0,0.0,0.0,0.0,0,0.0,0,0,1.0,1.0,0.0,0.4692737430167598,0.5307262569832403,0.28156424581005585,0.2994330024687458,0.0,0.0,0.0,84,0.4692737430167598,743.0,677.6,743.0,743.0,179,72,161,179,179,0.4692737430167598,0.7486033519553073,0.8487377281736076,0.18821029853645904,-0.05528274783718241,-0.05665468574514706,0.02388915664665479,,0.1628244996975242,-0.06257241940406053
G004-R0,4,0,100400,2026-01-15,128,deep,narrow,sparse,layered,long,0.5,random,0.25,mixed,1.0,after,mixed,mixed,128,128,117,78,78,56,22,41,0.234375,0.3046875,1.0,7.421875,12,4.999389611180049,2.5128205128205128,3,0.02564102564102564,0.07692307692307693,0.14102564102564102,0.19230769230769232,0.32051282051282054,0.24358974358974358,0.8892033164592419,0.7564102564102564,28,0.358974358974359,0.10256410256410256,0.24358974358974358,0.10256410256410256,0.7564102564102564,12.75,8.0,8.257572282456872,11.31578947368421,7,1,0.10526315789473684,0.3157894736842105,0.5263157894736842,0.0,0.3157894736842105,0.5,19,0.24358974358974358,0.3157894736842105,1.0,0.0,1.0,0.0,0.0,22,0.0028089887640449437,0.28205128205128205,0.24719101123595505,1,0.24719101123595505,1,3,0.7528089887640449,0.7528089887640449,0.12359550561797752,0.550561797752809,0.3258426966292135,0.40224719101123596,0.36534654261396093,0.0,0.0,0.28205128205128205,59,0.6629213483146067,630.8,80.8,100.8,109.6,78,2,6,10,12,0.7,0.10256410256410256,-0.526955555241834,0.0017416423181934669,0.18143364666429027,0.09181343820486787,0.025911661950829626,-0.2339414850364352,0.16436318552905893,-0.20636569865176738
G004-R1,4,1,100401,2026-01-15,128,deep,narrow,sparse,layered,long,0.5,random,0.25,mixed,1.0,after,mixed,mixed,128,128,118,79,79,61,18,40,0.1875,0.3046875,1.0,7.984375,12,4.803944302276515,2.6666666666666665,3,0.0379746835443038,0.02531645569620253,0.12658227848101267,0.27848101265822783,0.26582278481012656,0.26582278481012656,0.859105493422645,0.8101265822784809,30,0.379746835443038,0.12658227848101267,0.22784810126582278,0.12658227848101267,0.7721518987341772,13.6,8.5,9.318798205777394,13.222222222222221,9.5,2,0.0,0.2222222222222222,0.3888888888888889,0.0,0.33333333333333337,0.6,18,0.22784810126582278,0.33333333333333337,1.0,0.0,1.0,0.0,0.0,22,0.0028089887640449437,0.22784810126582278,0.24719101123595505,1,0.24719101123595505,1,3,0.7528089887640449,0.7528089887640449,0.11235955056179775,0.5842696629213483,0.30337078651685395,0.39325842696629215,0.34893022798550993,0.0,0.0,0.22784810126582278,61,0.6853932584269663,655.0,20.8,38.4,92.8,79,0,4,7,13,0.7142857142857143,0.06329113924050633,-0.19328413556768412,-0.013132613932224339,-0.2650031548285832,-0.02759509076705494,-0.1707752591748812,-0.3375023701092357,-0.16888080723369195,0.13133830291052706
G005-R0,5,0,100500,2026-01-15,128,medium,broad,moderate,fan_out,short,1.0,duration_opposed,0.5,relaxed,0.5,after,completion_heavy,homogeneous,128,128,52,0,0,0,0,,0.0078125,0.40625,0.0,2.2734375,7,0.863449149396622,2.4423076923076925,12,0.0,0.0,0.0,0.0,0.0,0.0,,0.0,0,0.0,0.0,0.0,0.0,0.0,,,,,,,0.0,0.0,0.0,0.0,0.0,0.0,0,0.0,0.0,0.0,,,,0.0,38,0.006666666666666667,0.0,0.5,1,0.5,38,1,0.5,0.9868421052631579,1.0,0.0,0.0,1.0,0.0,0.0,0.0,0.0,5,0.06578947368421052,0,0,0,0,0,0,0,0,0,0.0,0.0,,,,,,0.04350429890938281,,
G005-R1,5,1,100501,2026-01-15,128,medium,broad,moderate,fan_out,short,1.0,duration_opposed,0.5,relaxed,0.5,after,completion_heavy,homogeneous,128,128,52,0,0,0,0,,0.0078125,0.40625,0.0,2.2734375,7,0.863449149396622,2.4423076923076925,12,0.0,0.0,0.0,0.0,0.0,0.0,,0.0,0,0.0,0.0,0.0,0.0,0.0,,,,,,,0.0,0.0,0.0,0.0,0.0,0.0,0,0.0,0.0,0.0,,,,0.0,38,0.006666666666666667,0.0,0.5,1,0.5,38,1,0.5,0.9868421052631579,1.0,0.0,0.0,1.0,0.0,0.0,0.0,0.0,6,0.07894736842105263,0,0,0,0,0,0,0,0,0,0.0,0.0,,,,,,0.06391604822757739,,
G006-R0,6,0,100600,2026-01-15,64,shallow,narrow,sparse,fan_in,short,0.0,none,1.0,compressed,0.0,none,early,homogeneous,64,64,64,44,44,43,1,10,0.359375,0.3125,1.0,1.078125,2,0.8892533296957622,2.05,3,0.38636363636363635,0.3409090909090909,0.1590909090909091,0.045454545454545456,0.045454545454545456,0.022727272727272728,0.7778667398073904,0.11363636363636365,0,0.0,0.5,1.0,0.5,0.0,4.409090909090909,3.5,1.800482029121669,4,3.5,1,0.09090909090909091,0.5,0.9090909090909091,0.0,0.8181818181818181,0.8636363636363636,0,0.0,0.0,0.0,,,,0.0,11,0.005813953488372093,0.022727272727272728,0.25,11,0.25,1,1,0.9772727272727273,0.75,0.0,0.11363636363636363,0.8863636363636364,0.022727272727272728,0.06347381838076792,0.0,0.0,0.022727272727272728,5,0.11363636363636363,132.6,71.0,121.60000000000001,132.6,44,4,22,40,44,0.125,0.0,,,0.06343883660027623,0.029431089349410283,,0.05471476176793201,,0.07708017454737337
G006-R1,6,1,100601,2026-01-15,64,shallow,narrow,sparse,fan_in,short,0.0,none,1.0,compressed,0.0,none,early,homogeneous,64,64,64,44,44,43,1,10,0.28125,0.3125,1.0,1.234375,2,0.8613613407711075,2.3,3,0.4318181818181818,0.36363636363636365,0.11363636363636363,0.045454545454545456,0.022727272727272728,0.022727272727272728,0.7200273959252006,0.09090909090909091,0,0.0,0.5,1.0,0.5,0.0,4.5,3.0,1.94819263561244,4.068181818181818,3.0,1,0.13636363636363635,0.5227272727272727,0.8636363636363636,0.0,0.8181818181818181,0.8636363636363636,0,0.0,0.0,0.0,,,,0.0,11,0.005813953488372093,0.022727272727272728,0.25,11,0.25,1,1,0.9772727272727273,0.75,0.0,0.09090909090909091,0.9090909090909091,0.018181818181818184,0.0574959574576069,0.0,0.0,0.022727272727272728,4,0.09090909090909091,115.80000000000001,61.2,105.80000000000001,115.80000000000001,44,6,23,38,44,0.10526315789473684,0.0,,,0.023169546082527612,0.143997678060422,,-0.23096783401079155,,-0.009452863706190614
G007-R0,7,0,100700,2026-01-15,64,flat,balanced,sparse,layered,balanced,0.25,random,0.5,relaxed,0.25,same,fresh,mixed,64,64,64,64,64,48,16,70,1.0,0.0,1.0,0,0,0.0,,0,0.09375,0.203125,0.25,0.203125,0.15625,0.09375,0.9644103657590096,0.453125,12,0.1875,0.25,0.5,0.25,0.5,36.25,30.5,18.369471957571346,37.4375,31.0,14,0.0,0.0,0.0,0.0,0.3125,0.9375,16,0.25,0.25,1.0,0.0,0.0,1.0,0.0,16,0.003968253968253968,0.25,0.25,1,0.25,1,3,0.75,0.75,0.0,0.0,1.0,0.0,0.0,0.0,0.0,0.25,0,0.0,504.0,0,0,24.0,64,0,0,0,2,0.0,0.0,0.6190476190476191,-0.3399846153379028,-0.0215087351183501,,,0.2549725782872858,,
G007-R1,7,1,100701,2026-01-15,64,flat,balanced,sparse,layered,balanced,0.25,random,0.5,relaxed,0.25,same,fresh,mixed,64,64,64,64,64,48,16,68,1.0,0.0,1.0,0,0,0.0,,0,0.09375,0.203125,0.25,0.203125,0.15625,0.09375,0.9644103657590096,0.453125,12,0.1875,0.25,0.5,0.25,0.5,38.6875,33.0,16.227749189274526,37.90625,33.5,15,0.0,0.0,0.0,0.0,0.34375,0.9375,16,0.25,0.1875,1.0,0.0,0.0,1.0,0.0,16,0.003968253968253968,0.25,0.25,1,0.25,1,3,0.75,0.75,0.0,0.0,1.0,0.0,0.0,0.0,0.0,0.25,0,0.0,504.0,0,0,0,64,0,0,0,0,0.0,0.0,0.3,0.0878431642731804,-0.0739515420862579,,,-0.29763538733450134,,
G008-R0,8,0,100800,2026-01-15,64,deep,broad,none,none,uniform,0.75,duration_aligned,0.0,compressed,1.0,mixed,advanced,homogeneous,64,64,64,38,38,38,0,10,0.015625,0.40625,1.0,2.8125,12,2.3774658252012792,2.423076923076923,8,0.13157894736842105,0.15789473684210525,0.18421052631578946,0.13157894736842105,0.21052631578947367,0.18421052631578946,0.9914550895366187,0.5263157894736842,28,0.7368421052631579,0.0,0.0,0.0,1.0,,,,,,,0.0,0.0,0.0,0.0,0.0,0.0,38,1.0,0.8947368421052632,0.0,,,,0.0,0,0.0,0.0,0.0,0,0.0,0,0,1.0,1.0,0.0,0.5263157894736842,0.47368421052631576,0.4210526315789474,0.3994455991791637,0.0,0.0,0.0,20,0.5263157894736842,112.19999999999999,0,0,0,38,0,0,0,0,0.0,1.0,,-0.979119719029632,,0.006506142181562477,0.040243764611121224,,-0.8304547985373997,
G008-R1,8,1,100801,2026-01-15,64,deep,broad,none,none,uniform,0.75,duration_aligned,0.0,compressed,1.0,mixed,advanced,homogeneous,64,64,64,38,38,38,0,10,0.015625,0.40625,1.0,2.8125,12,2.3774658252012792,2.423076923076923,8,0.21052631578947367,0.13157894736842105,0.21052631578947367,0.13157894736842105,0.15789473684210525,0.15789473684210525,0.9893497337838473,0.4473684210526315,28,0.7368421052631579,0.0,0.0,0.0,1.0,,,,,,,0.0,0.0,0.0,0.0,0.0,0.0,38,1.0,0.8947368421052632,0.0,,,,0.0,0,0.0,0.0,0.0,0,0.0,0,0,1.0,1.0,0.0,0.4473684210526316,0.5526315789473685,0.35789473684210527,0.3977777605829723,0.0,0.0,0.0,17,0.4473684210526316,105.99999999999999,0,0,0,38,0,0,0,0,0.0,1.0,,-0.9709801276646446,,0.09433710808865134,0.03329225712138564,,-0.7504787743864564,
G009-R0,9,0,100900,2026-01-15,32,medium,narrow,heavy,fan_in,bimodal,0.5,random,0.75,overdue_mixed,0.75,mixed,completion_heavy,mixed,32,32,14,4,4,3,1,17,0.21875,0.3125,1.0,2.90625,5,1.9899650593666212,2.5,3,0.75,0.0,0.0,0.0,0.25,0.0,0.3138452198949893,0.25,2,0.5,0.25,0.5,0.25,0.5,7,7,0.0,-1,-1.0,-3,0.5,0.5,0.5,0.5,0.0,0.0,2,0.5,0.0,0.0,,,,0.0,16,0.03463203463203463,0.25,0.7272727272727273,16,0.7272727272727273,1,1,0.9545454545454546,0.2727272727272727,0.8181818181818182,0.045454545454545456,0.13636363636363635,0.8545454545454545,0.34208886767685054,0.0,0.0,0.25,11,0.5,6.199999999999999,4.199999999999999,4.199999999999999,4.199999999999999,4,2,2,2,2,0.5,0.5,,-1.0,1.0,-0.816496580927726,1.0,,-1.0,0.026923076923076925
G009-R1,9,1,100901,2026-01-15,32,medium,narrow,heavy,fan_in,bimodal,0.5,random,0.75,overdue_mixed,0.75,mixed,completion_heavy,mixed,32,32,16,6,6,5,1,27,0.125,0.3125,1.0,3.34375,5,1.813308009550501,2.8,3,0.16666666666666666,0.16666666666666666,0.0,0.0,0.16666666666666666,0.5,0.6934264036172707,0.6666666666666666,2,0.3333333333333333,0.16666666666666666,0.6666666666666666,0.16666666666666666,0.3333333333333333,7,7,0.0,-1,1.0,-13,0.0,0.0,0.5,0.5,0.25,0.0,4,0.6666666666666666,0.0,0.75,0.3333333333333333,0.0,0.6666666666666666,0.0,16,0.03463203463203463,0.16666666666666666,0.7272727272727273,16,0.7272727272727273,1,1,0.9545454545454546,0.2727272727272727,0.7272727272727273,0.13636363636363635,0.13636363636363635,0.8363636363636364,0.33917742011232055,0.0,0.0,0.16666666666666666,10,0.45454545454545453,39.8,28.799999999999997,35.599999999999994,35.599999999999994,6,2,2,4,4,0.75,0.6666666666666666,1.0,,0.5443310539518174,-0.14368424162141993,,0.3938197130286024,,0.12256530990813974
G010-R0,10,0,101000,2026-01-15,16,flat,balanced,sparse,chain,bimodal,0.25,duration_opposed,1.0,mixed,1.0,before,completion_heavy,homogeneous,16,16,0,0,0,0,0,,1.0,0.0,0.0,0,0,0.0,,0,0.0,0.0,0.0,0.0,0.0,0.0,,0.0,0,0.0,0.0,0.0,0.0,0.0,,,,,,,0.0,0.0,0.0,0.0,0.0,0.0,0,0.0,0.0,0.0,,,,0.0,4,0.016666666666666666,0.0,0.25,1,0.25,1,4,0.75,0.75,1.0,0.0,0.0,1.0,0.0,0.0,0.0,0.0,8,0.5,0,0,0,0,0,0,0,0,0,0.0,0.0,,,,,,-0.022299639541254086,,
G010-R1,10,1,101001,2026-01-15,16,flat,balanced,sparse,chain,bimodal,0.25,duration_opposed,1.0,mixed,1.0,before,completion_heavy,homogeneous,16,16,0,0,0,0,0,,1.0,0.0,0.0,0,0,0.0,,0,0.0,0.0,0.0,0.0,0.0,0.0,,0.0,0,0.0,0.0,0.0,0.0,0.0,,,,,,,0.0,0.0,0.0,0.0,0.0,0.0,0,0.0,0.0,0.0,,,,0.0,4,0.016666666666666666,0.0,0.25,1,0.25,1,4,0.75,0.75,1.0,0.0,0.0,1.0,0.0,0.0,0.0,0.0,8,0.5,0,0,0,0,0,0,0,0,0,0.0,0.0,,,,,,-0.13553629035057166,,
G011-R0,11,0,101100,2026-01-15,16,medium,balanced,none,none,long,0.5,urgency_opposed,0.5,mixed,0.0,none,early,homogeneous,16,16,16,8,8,8,0,21,0.0625,0.5,1.0,2.6875,4,1.2103072956898178,1.875,3,0.0,0.0,0.25,0.125,0.375,0.25,0.7372018207993071,0.75,4,0.5,0.25,0.5,0.25,0.5,8,8.0,1.0,8,7.0,2,0.0,0.25,0.5,0.0,0.0,0.0,0,0.0,0.0,0.0,,,,0.0,0,0.0,0.0,0.0,0,0.0,0,0,1.0,1.0,0.0,0.75,0.25,0.15000000000000002,0.08660254037844387,0.0,0.0,0.0,6,0.75,91.2,6.4,19.200000000000003,32.0,8,0,1,2,3,1.0,0.0,,0.21081851067789195,0.31622776601683794,0.46362386688682233,-0.2581988897471611,,-0.2581988897471611,0.7745966692414834
G011-R1,11,1,101101,2026-01-15,16,medium,balanced,none,none,long,0.5,urgency_opposed,0.5,mixed,0.0,none,early,homogeneous,16,16,16,8,8,8,0,21,0.0625,0.5,1.0,3.0625,4,1.197327753791751,1.875,2,0.0,0.0,0.125,0.375,0.25,0.25,0.7372018207993071,0.875,4,0.5,0.25,0.5,0.25,0.5,8.5,8.5,1.5,7.75,6.5,2,0.0,0.5,0.5,0.0,0.0,0.0,0,0.0,0.0,0.0,,,,0.0,0,0.0,0.0,0.0,0,0.0,0,0,1.0,1.0,0.0,0.875,0.125,0.17500000000000002,0.06614378277661477,0.0,0.0,0.0,7,0.875,87.2,12.8,12.8,32.0,8,0,2,2,3,1.0,0.0,,-0.4,-0.7378647873726218,,,,-0.7745966692414834,
G012-R0,12,0,101200,2026-01-15,16,shallow,narrow,heavy,random_dag,short,0.75,urgency_aligned,0.5,relaxed,1.0,same,advanced,mixed,16,16,16,11,11,7,4,68,0.3125,0.3125,1.0,1.125,2,0.8569568250501305,2.2,3,0.45454545454545453,0.36363636363636365,0.09090909090909091,0.0,0.09090909090909091,0.0,0.6486504270697755,0.09090909090909091,5,0.45454545454545453,0.2727272727272727,0.5454545454545454,0.2727272727272727,0.45454545454545453,39.333333333333336,35,21.85304453744502,36.666666666666664,30.5,15,0.0,0.0,0.0,0.0,0.0,0.6666666666666667,6,0.5454545454545454,0.0,1.0,0.0,0.0,1.0,0.0,8,0.07272727272727272,0.36363636363636365,0.7272727272727273,3,0.7272727272727273,2,2,0.6363636363636364,0.45454545454545453,0.0,0.09090909090909091,0.9090909090909091,0.07272727272727274,0.2299838298304276,0.0,0.0,0.36363636363636365,1,0.09090909090909091,20.2,0,0,0,11,0,0,0,0,0.0,0.0,1.0,0.051298917604257706,0.2732295333235123,-0.06882472016116853,-0.8944271909999159,-0.8451542547285166,-0.35355339059327373,-0.13093073414159545
G012-R1,12,1,101201,2026-01-15,16,shallow,narrow,heavy,random_dag,short,0.75,urgency_aligned,0.5,relaxed,1.0,same,advanced,mixed,16,16,16,11,11,6,5,65,0.4375,0.3125,1.0,0.875,2,0.8569568250501305,1.8,3,0.45454545454545453,0.36363636363636365,0.09090909090909091,0.0,0.09090909090909091,0.0,0.6486504270697755,0.09090909090909091,4,0.36363636363636365,0.2727272727272727,0.5454545454545454,0.2727272727272727,0.45454545454545453,40,39,20.016659728003237,35.833333333333336,31.0,16,0.0,0.0,0.0,0.0,0.0,0.6666666666666667,6,0.5454545454545454,0.0,1.0,0.0,0.0,1.0,0.0,8,0.07272727272727272,0.45454545454545453,0.7272727272727273,2,0.7272727272727273,3,2,0.5454545454545454,0.5454545454545454,0.0,0.09090909090909091,0.9090909090909091,0.06363636363636363,0.20123585110162412,0.0,0.0,0.45454545454545453,1,0.09090909090909091,21.8,0,0,0,11,0,0,0,0,0.0,0.0,1.0,-0.7745966692414834,-0.3927922024247863,-0.48666426339228763,0.6324555320336759,-0.41403933560541256,,
G013-R0,13,0,101300,2026-01-15,128,shallow,broad,none,none,bimodal,0.0,none,0.75,relaxed,0.25,before,fresh,mixed,128,128,128,115,115,115,0,70,0.0078125,0.1015625,1.0,1.890625,2,0.33620991861484395,9.76923076923077,12,0.2956521739130435,0.1565217391304348,0.06086956521739131,0.05217391304347826,0.1565217391304348,0.2782608695652174,0.9048287334767848,0.48695652173913045,0,0.0,0.3739130434782609,0.7478260869565218,0.3739130434782609,0.25217391304347825,38.27906976744186,34,17.578165077924385,37.895348837209305,33.0,14,0.0,0.0,0.0,0.0,0.5116279069767442,0.9767441860465116,29,0.25217391304347825,0.27586206896551724,1.0,1.0,0.0,0.0,0.0,0,0.0,0.0,0.0,0,0.0,0,0,1.0,1.0,0.0,0.0,1.0,0.0,0.0,0.0,0.0,0.0,0,0.0,1202.0,0,0,2.0,115,0,0,0,2,0.0,0.0,,,-0.10584317523790868,,,,,
G013-R1,13,1,101301,2026-01-15,128,shallow,broad,none,none,bimodal,0.0,none,0.75,relaxed,0.25,before,fresh,mixed,128,128,128,115,115,115,0,70,0.0078125,0.1015625,1.0,1.890625,2,0.33620991861484395,9.76923076923077,12,0.3130434782608696,0.1391304347826087,0.05217391304347826,0.05217391304347826,0.13043478260869565,0.3130434782608696,0.8792452728426398,0.4956521739130435,0,0.0,0.3739130434782609,0.7478260869565218,0.3739130434782609,0.25217391304347825,39.651162790697676,36,17.16253860027873,39.43023255813954,36.0,14,0.0,0.0,0.0,0.0,0.5348837209302326,0.9767441860465116,29,0.25217391304347825,0.27586206896551724,1.0,1.0,0.0,0.0,0.0,0,0.0,0.0,0.0,0,0.0,0,0,1.0,1.0,0.0,0.0,1.0,0.0,0.0,0.0,0.0,0.0,0,0.0,1244.0,0,0,48.0,115,0,0,0,2,0.0,0.0,,,0.02517509397241793,,,,,
G014-R0,14,0,101400,2026-01-15,64,medium,narrow,moderate,layered,uniform,0.75,duration_opposed,0.25,overdue_mixed,0.75,before,fresh,homogeneous,64,64,64,44,44,22,22,28,0.28125,0.3125,1.0,3.453125,6,2.536789848287595,2.3,3,0.18181818181818182,0.18181818181818182,0.1590909090909091,0.20454545454545456,0.1590909090909091,0.11363636363636363,0.9915130366525928,0.4772727272727273,16,0.36363636363636365,0.13636363636363635,0.25,0.13636363636363635,0.75,6.333333333333333,7.0,0.9428090415820634,-1.3636363636363635,-1,-12,0.0,0.18181818181818182,0.36363636363636365,0.5454545454545454,0.18181818181818177,0.33333333333333337,11,0.25,0.18181818181818177,1.0,1.0,0.0,0.0,0.0,22,0.011627906976744186,0.5,0.5,1,0.5,1,3,0.5,0.5,0.0,0.0,1.0,0.0,0.0,0.0,0.0,0.5,0,0.0,356.0,67.0,95.0,103.0,44,6,8,10,11,0.5,0.25,-1.0,0.9716571653926211,-0.33337771636634944,0.17351335942377977,-0.16337434459115124,0.04530800869698162,,
G014-R1,14,1,101401,2026-01-15,64,medium,narrow,moderate,layered,uniform,0.75,duration_opposed,0.25,overdue_mixed,0.75,before,fresh,homogeneous,64,64,64,44,44,22,22,30,0.0625,0.3125,1.0,4.6875,6,1.8529958850466992,3,3,0.1590909090909091,0.18181818181818182,0.20454545454545456,0.22727272727272727,0.1590909090909091,0.06818181818181818,0.9707238483450376,0.45454545454545453,16,0.36363636363636365,0.13636363636363635,0.25,0.13636363636363635,0.75,6.333333333333333,7.0,0.9428090415820634,-1.8181818181818181,-2,-14,0.09090909090909091,0.18181818181818182,0.36363636363636365,0.5454545454545454,0.09090909090909094,0.16666666666666663,11,0.25,0.09090909090909094,1.0,1.0,0.0,0.0,0.0,22,0.011627906976744186,0.5,0.5,1,0.5,1,3,0.5,0.5,0.0,0.0,1.0,0.0,0.0,0.0,0.0,0.5,0,0.0,323.0,55.0,67.0,83.0,44,7,8,10,11,0.6,0.25,-0.5,0.9693842800215718,-0.2161015397145489,0.3247536087614635,0.48298922412830997,0.04992195183405806,,
G015-R0,15,0,101500,2026-01-15,32,flat,balanced,moderate,fan_in,balanced,0.0,none,0.75,mixed,0.5,after,mixed,mixed,32,32,30,30,30,29,1,38,1.0,0.0,1.0,0,0,0.0,,0,0.1,0.23333333333333334,0.23333333333333334,0.16666666666666666,0.16666666666666666,0.1,0.969384700748737,0.43333333333333335,0,0.0,0.4,0.7333333333333333,0.4,0.26666666666666666,12.583333333333334,7.0,8.64540661597565,12.136363636363637,7.0,1,0.045454545454545456,0.18181818181818182,0.5454545454545454,0.0,0.40909090909090906,0.75,14,0.4666666666666667,0.2142857142857143,1.0,0.0,1.0,0.0,0.0,16,0.016129032258064516,0.03333333333333333,0.5,16,0.5,1,1,0.96875,0.5,0.0625,0.3125,0.625,0.24375,0.3526130137984133,0.0,0.0,0.03333333333333333,11,0.34375,157.0,33.2,74.4,78.4,30,1,4,12,13,0.4166666666666667,0.23333333333333334,,,-0.08177108253198208,,,-0.1063110591004002,,-0.10250079464177546
G015-R1,15,1,101501,2026-01-15,32,flat,balanced,moderate,fan_in,balanced,0.0,none,0.75,mixed,0.5,after,mixed,mixed,32,32,29,29,29,28,1,39,1.0,0.0,1.0,0,0,0.0,,0,0.10344827586206896,0.20689655172413793,0.2413793103448276,0.1724137931034483,0.1724137931034483,0.10344827586206896,0.9736836164521924,0.4482758620689655,0,0.0,0.3103448275862069,0.7241379310344828,0.3103448275862069,0.27586206896551724,14.333333333333334,9,10.165300454651272,12.428571428571429,9,3,0.0,0.23809523809523808,0.47619047619047616,0.0,0.4285714285714286,0.5555555555555556,14,0.4827586206896552,0.2857142857142857,1.0,0.0,1.0,0.0,0.0,16,0.016129032258064516,0.034482758620689655,0.5,16,0.5,1,1,0.96875,0.5,0.09375,0.25,0.65625,0.25625,0.37826701878435026,0.0,0.0,0.034482758620689655,9,0.28125,159.8,30.2,51.0,61.0,29,0,5,10,14,0.6,0.1724137931034483,,,0.1531624383226103,,,,,0.20413892247322046
G016-R0,16,0,101600,2026-01-15,256,shallow,broad,sparse,random_dag,uniform,0.25,urgency_opposed,1.0,mixed,0.25,after,fresh,mixed,256,256,256,239,239,192,47,41,0.00390625,0.06640625,1.0,1.9296875,2,0.27052015145594976,15,16,0.1589958158995816,0.17154811715481172,0.1589958158995816,0.1799163179916318,0.15481171548117154,0.17573221757322174,0.999097638289064,0.5104602510460251,48,0.200836820083682,0.502092050209205,1.0,0.502092050209205,0.0,13.991666666666667,8.5,9.456475588481977,12.489539748953975,8,1,0.0502092050209205,0.20920502092050208,0.4476987447698745,0.0,0.9246861924686193,0.9416666666666667,60,0.2510460251046025,0.7,1.0,0.0,1.0,0.0,0.0,60,0.0010548152315319433,0.19665271966527198,0.2510460251046025,4,0.2510460251046025,2,2,0.803347280334728,0.7824267782426778,0.0,0.0,1.0,0.0,0.0,0.0,0.0,0.19665271966527198,0,0.0,2216.0,399.0,890.0,1424.0,239,12,50,107,155,0.4392523364485981,0.08368200836820083,-0.9778262421266757,0.089298601443604,-0.0873754355119191,,,-0.011520189238071377,,
G016-R1,16,1,101601,2026-01-15,256,shallow,broad,sparse,random_dag,uniform,0.25,urgency_opposed,1.0,mixed,0.25,after,fresh,mixed,256,256,256,239,239,185,54,41,0.00390625,0.06640625,1.0,1.9296875,2,0.27052015145594976,15,16,0.1589958158995816,0.1799163179916318,0.17154811715481172,0.16317991631799164,0.16317991631799164,0.16317991631799164,0.9995124807692668,0.4895397489539749,46,0.19246861924686193,0.502092050209205,1.0,0.502092050209205,0.0,13.908333333333333,8.0,9.475403099018473,12.410041841004183,8,1,0.04184100418410042,0.18828451882845187,0.47280334728033474,0.0,0.9246861924686193,0.9416666666666667,60,0.2510460251046025,0.7,1.0,0.0,1.0,0.0,0.0,60,0.0010548152315319433,0.22594142259414227,0.2510460251046025,2,0.2510460251046025,3,3,0.7740585774058577,0.7949790794979079,0.0,0.0,1.0,0.0,0.0,0.0,0.0,0.22594142259414227,0,0.0,2160.0,364.0,1016.0,1348.0,239,10,45,113,151,0.45132743362831856,0.1087866108786611,-0.9772307592529492,0.010536048862093505,-0.06585397268416013,,,0.025060997479386747,,
G017-R0,17,0,101700,2026-01-15,32,deep,broad,heavy,layered,short,0.25,duration_opposed,0.75,urgent,0.0,none,early,mixed,32,32,32,19,19,5,14,5,0.03125,0.40625,1.0,2.40625,8,1.729511762752714,2.3846153846153846,6,0.42105263157894735,0.3157894736842105,0.10526315789473684,0.10526315789473684,0.05263157894736842,0.0,0.7574343360009621,0.15789473684210525,1,0.05263157894736842,0.3684210526315789,0.7368421052631579,0.3684210526315789,0.2631578947368421,1.7142857142857142,1,1.1605769149479943,1.7142857142857142,1.5,0,0.5,0.8571428571428571,1.0,0.0,0.6428571428571428,0.7142857142857143,0,0.0,0.0,0.0,,,,0.0,14,0.04093567251461988,0.7368421052631579,0.7368421052631579,1,0.7368421052631579,1,3,0.2631578947368421,0.2631578947368421,0.0,0.10526315789473684,0.8947368421052632,0.010526315789473684,0.030689220499185793,0.0,0.0,0.7368421052631579,2,0.10526315789473684,58.4,40.2,43.2,43.2,19,7,12,14,14,0.14285714285714285,0.0,,,-0.06712486220795377,-0.25034051610759256,,0.10943854266919469,,0.14073195043929218
G017-R1,17,1,101701,2026-01-15,32,deep,broad,heavy,layered,short,0.25,duration_opposed,0.75,urgent,0.0,none,early,mixed,32,32,32,19,19,5,14,5,0.03125,0.40625,1.0,2.46875,8,1.7317688753121763,2.3846153846153846,6,0.42105263157894735,0.3157894736842105,0.15789473684210525,0.05263157894736842,0.05263157894736842,0.0,0.7420643176136879,0.10526315789473684,1,0.05263157894736842,0.3684210526315789,0.7368421052631579,0.3684210526315789,0.2631578947368421,1.7142857142857142,2,0.6998542122237652,1.7142857142857142,2.0,0,0.42857142857142855,0.9285714285714286,1.0,0.0,0.6428571428571428,0.7142857142857143,0,0.0,0.0,0.0,,,,0.0,14,0.04093567251461988,0.7368421052631579,0.7368421052631579,1,0.7368421052631579,1,3,0.2631578947368421,0.2631578947368421,0.0,0.10526315789473684,0.8947368421052632,0.02368421052631579,0.06952549901906793,0.0,0.0,0.7368421052631579,2,0.10526315789473684,50.8,33.8,35.8,35.8,19,6,13,14,14,0.07142857142857142,0.0,,,0.331802074801313,0.49194100997091433,,0.19345740377037285,,0.3879056281324456
G018-R0,18,0,101800,2026-01-15,64,shallow,narrow,moderate,chain,long,1.0,duration_aligned,0.25,urgent,0.75,same,completion_heavy,mixed,64,64,48,28,28,8,20,3,0.28125,0.3125,1.0,1.21875,2,0.856386850377795,2.3,3,0.03571428571428571,0.03571428571428571,0.07142857142857142,0.2857142857142857,0.32142857142857145,0.25,0.8348439474926259,0.8571428571428572,8,0.2857142857142857,0.03571428571428571,0.14285714285714285,0.03571428571428571,0.8571428571428571,3,3,0.0,2.25,2.5,1,0.25,1.0,1.0,0.0,0.25,0.0,4,0.14285714285714285,0.25,1.0,0.0,0.0,1.0,0.0,22,0.011627906976744186,0.7142857142857143,0.5,1,0.5,1,22,0.5,0.5,0.36363636363636365,0.2727272727272727,0.36363636363636365,0.5818181818181818,0.44684384463434573,0.0,0.0,0.7142857142857143,25,0.5681818181818182,227.0,36.0,36.0,36.0,28,1,4,4,4,0.75,0.14285714285714285,,-0.9511897312113419,-0.3333333333333333,0.10315572306026877,-0.50709255283711,-0.33408741649200785,-0.5773502691896257,0.27525498382853847
G018-R1,18,1,101801,2026-01-15,64,shallow,narrow,moderate,chain,long,1.0,duration_aligned,0.25,urgent,0.75,same,completion_heavy,mixed,64,64,48,28,28,11,17,4,0.1875,0.3125,1.0,1.421875,2,0.7866997421983816,2.6,3,0.03571428571428571,0.03571428571428571,0.10714285714285714,0.21428571428571427,0.35714285714285715,0.25,0.8492871185710283,0.8214285714285714,11,0.39285714285714285,0.14285714285714285,0.2857142857142857,0.14285714285714285,0.7142857142857143,1.75,1.5,0.82915619758885,1.625,1.5,0,0.5,1.0,1.0,0.0,0.5,0.5,8,0.2857142857142857,0.5,1.0,0.0,0.0,1.0,0.0,22,0.011627906976744186,0.6071428571428571,0.5,1,0.5,1,22,0.5,0.5,0.36363636363636365,0.2727272727272727,0.36363636363636365,0.5818181818181818,0.44684384463434573,0.0,0.0,0.6071428571428571,24,0.5454545454545454,237.39999999999998,53.0,53.0,53.0,28,4,8,8,8,0.75,0.2857142857142857,0.6324555320336759,-0.9414688716912718,-0.5565966126844863,0.1507649258150596,-0.14907119849998599,0.531763107757583,-0.6708203932499369,-0.3427121182903
G019-R0,19,0,101900,2026-01-15,128,flat,balanced,sparse,fan_out,uniform,0.75,random,0.0,urgent,0.0,none,mixed,homogeneous,128,128,128,128,128,96,32,,1.0,0.0,1.0,0,0,0.0,,0,0.171875,0.171875,0.1640625,0.1640625,0.1640625,0.1640625,0.9998644358182408,0.4921875,72,0.5625,0.0,0.0,0.0,1.0,,,,,,,0.0,0.0,0.0,0.0,0.0,0.0,0,0.0,0.0,0.0,,,,0.0,32,0.001968503937007874,0.25,0.25,1,0.25,32,1,0.75,0.9921875,0.0,0.4921875,0.5078125,0.2953125,0.2999633766708029,0.0,0.0,0.25,63,0.4921875,553.2,0,0,0,128,0,0,0,0,0.0,0.0,,-0.08667937206042792,,,,,-0.026773105998945078,
G019-R1,19,1,101901,2026-01-15,128,flat,balanced,sparse,fan_out,uniform,0.75,random,0.0,urgent,0.0,none,mixed,homogeneous,128,128,128,128,128,96,32,,1.0,0.0,1.0,0,0,0.0,,0,0.171875,0.171875,0.1640625,0.1640625,0.1640625,0.1640625,0.9998644358182408,0.4921875,72,0.5625,0.0,0.0,0.0,1.0,,,,,,,0.0,0.0,0.0,0.0,0.0,0.0,0,0.0,0.0,0.0,,,,0.0,32,0.001968503937007874,0.25,0.25,1,0.25,32,1,0.75,0.9921875,0.0,0.4921875,0.5078125,0.2953125,0.2999633766708029,0.0,0.0,0.25,63,0.4921875,553.2,0,0,0,128,0,0,0,0,0.0,0.0,,0.20465922369003428,,,,,0.16027974781353746,
G020-R0,20,0,102000,2026-01-15,128,deep,balanced,moderate,random_dag,balanced,1.0,random,1.0,compressed,0.5,mixed,early,homogeneous,128,128,128,64,64,40,24,12,0.0078125,0.5,1.0,8.6796875,12,2.0688674201948634,1.984375,2,0.125,0.234375,0.171875,0.234375,0.140625,0.09375,0.9713658458814322,0.46875,40,0.625,0.5,1.0,0.5,0.0,4.5,4.0,1.7677669529663689,4.109375,3.5,1,0.09375,0.5,0.890625,0.0,0.875,0.90625,32,0.5,0.65625,1.0,0.34375,0.3125,0.34375,0.0,32,0.007936507936507936,0.375,0.5,3,0.5,3,3,0.625,0.59375,0.0,0.46875,0.53125,0.09375,0.09980449639169571,0.0,0.0,0.375,30,0.46875,408.40000000000003,239.40000000000003,376.8,408.40000000000003,64,6,32,57,64,0.47368421052631576,0.421875,-0.23550815705840053,-0.30517370890288636,0.06310449382188583,0.010221932614212132,-0.2406066722189697,-0.09676354558531323,-0.30448283669790177,0.0008573489299768384
G020-R1,20,1,102001,2026-01-15,128,deep,balanced,moderate,random_dag,balanced,1.0,random,1.0,compressed,0.5,mixed,early,homogeneous,128,128,128,64,64,39,25,11,0.0078125,0.5,1.0,7.8671875,12,1.8972475694657642,1.984375,2,0.140625,0.1875,0.140625,0.265625,0.125,0.140625,0.9786506006251257,0.53125,39,0.609375,0.5,1.0,0.5,0.0,4.34375,3.5,1.6697562509240682,4.03125,3.5,1,0.09375,0.5,0.90625,0.0,0.875,0.90625,32,0.5,0.6875,1.0,0.34375,0.3125,0.34375,0.0,32,0.007936507936507936,0.390625,0.5,3,0.5,4,2,0.609375,0.6875,0.0,0.53125,0.46875,0.10625000000000001,0.09980449639169571,0.0,0.0,0.390625,34,0.53125,453.00000000000006,218.20000000000002,404.20000000000005,453.00000000000006,64,6,32,58,64,0.5172413793103449,0.46875,0.1351212936150761,-0.09913722862121814,-0.04391184196081807,0.1383145680267662,-0.11191008856274033,-0.04450115730236797,-0.168647052315917,-0.09174385915209307
G021-R0,21,0,102100,2026-01-15,64,flat,balanced,sparse,fan_out,long,1.0,urgency_aligned,0.75,overdue_mixed,0.75,after,advanced,homogeneous,64,64,64,64,64,48,16,32,1.0,0.0,1.0,0,0,0.0,,0,0.015625,0.046875,0.140625,0.25,0.296875,0.25,0.8583608846466029,0.796875,48,0.75,0.375,0.75,0.375,0.25,6.333333333333333,7.0,0.9428090415820634,-1.1041666666666667,0.0,-14,0.020833333333333332,0.1875,0.375,0.5,0.6458333333333333,0.625,48,0.75,0.6458333333333333,1.0,0.0,1.0,0.0,0.0,16,0.003968253968253968,0.25,0.25,1,0.25,16,1,0.75,0.984375,0.0,0.796875,0.203125,0.6375000000000001,0.3218598297395933,0.0,0.0,0.25,51,0.796875,206.19999999999996,101.39999999999998,138.99999999999997,154.99999999999997,64,25,33,42,48,0.8095238095238095,0.625,0.9960707117193528,-0.10578248088750299,-0.10880082836409992,,,0.24955598036424234,-0.10595532541297718,-0.13967878444393447
G021-R1,21,1,102101,2026-01-15,64,flat,balanced,sparse,fan_out,long,1.0,urgency_aligned,0.75,overdue_mixed,0.75,after,advanced,homogeneous,64,64,64,64,64,48,16,32,1.0,0.0,1.0,0,0,0.0,,0,0.015625,0.046875,0.140625,0.25,0.296875,0.25,0.8583608846466029,0.796875,48,0.75,0.375,0.75,0.375,0.25,6.333333333333333,7.0,0.9428090415820634,-0.8958333333333334,0.0,-14,0.041666666666666664,0.22916666666666666,0.375,0.5,0.6458333333333333,0.625,48,0.75,0.6458333333333333,1.0,0.0,1.0,0.0,0.0,16,0.003968253968253968,0.25,0.25,1,0.25,16,1,0.75,0.984375,0.0,0.796875,0.203125,0.6375000000000001,0.3218598297395933,0.0,0.0,0.25,51,0.796875,206.19999999999996,112.19999999999999,138.59999999999997,158.99999999999997,64,26,35,42,48,0.7619047619047619,0.625,0.9961995111912456,-0.052812891971005214,-0.05753231934603873,,,-0.02514068428305075,-0.037569528830900714,0.054033871242355605
G022-R0,22,0,102200,2026-01-15,256,deep,narrow,none,none,uniform,0.0,none,0.5,overdue_mixed,0.5,before,completion_heavy,mixed,256,256,129,52,52,52,0,30,0.15234375,0.30078125,1.0,9.08984375,12,4.461175220789466,2.8181818181818183,3,0.17307692307692307,0.11538461538461539,0.15384615384615385,0.21153846153846154,0.15384615384615385,0.19230769230769232,0.990274271461383,0.5576923076923077,0,0.0,0.21153846153846154,0.4807692307692308,0.21153846153846154,0.5192307692307693,6.454545454545454,7,0.8907235428302466,-2.4,-2,-14,0.08,0.2,0.32,0.56,0.4,0.36363636363636365,25,0.4807692307692308,0.4,1.0,1.0,0.0,0.0,0.0,0,0.0,0.0,0.0,0,0.0,0,0,1.0,1.0,0.7094972067039106,0.16201117318435754,0.12849162011173185,0.8391061452513967,0.33028053915306826,0.0,0.0,0.0,94,0.5251396648044693,144.2,48.39999999999999,54.19999999999999,62.39999999999999,52,16,19,22,25,0.5909090909090909,0.4807692307692308,,,0.02140049569576262,-0.27492216609104103,,,,-0.10142315765851984
G022-R1,22,1,102201,2026-01-15,256,deep,narrow,none,none,uniform,0.0,none,0.5,overdue_mixed,0.5,before,completion_heavy,mixed,256,256,120,43,43,43,0,30,0.2578125,0.30078125,1.0,7.79296875,12,5.102093375421841,2.4675324675324677,3,0.16279069767441862,0.13953488372093023,0.16279069767441862,0.27906976744186046,0.16279069767441862,0.09302325581395349,0.970241289730489,0.5348837209302326,0,0.0,0.18604651162790697,0.4418604651162791,0.18604651162790697,0.5581395348837209,6.5,7.0,0.8660254037844386,-2.210526315789474,-3,-14,0.0,0.21052631578947367,0.3684210526315789,0.5789473684210527,0.26315789473684215,0.125,19,0.4418604651162791,0.26315789473684215,1.0,1.0,0.0,0.0,0.0,0,0.0,0.0,0.0,0,0.0,0,0,1.0,1.0,0.7597765363128491,0.12849162011173185,0.11173184357541899,0.8625698324022346,0.31302469138062955,0.0,0.0,0.0,88,0.49162011173184356,107.79999999999998,24.799999999999997,36.8,38.39999999999999,43,11,15,18,19,0.5,0.4418604651162791,,,-0.3764531633305561,0.09016862990707238,,,,-0.09188978360882702
G023-R0,23,0,102300,2026-01-15,256,flat,balanced,heavy,fan_in,short,0.25,duration_aligned,0.0,relaxed,0.25,mixed,early,homogeneous,256,256,256,256,256,255,1,10,1.0,0.0,1.0,0,0,0.0,,0,0.3984375,0.3515625,0.1484375,0.05859375,0.03125,0.01171875,0.7500809132319561,0.1015625,64,0.25,0.0,0.0,0.0,1.0,,,,,,,0.0,0.0,0.0,0.0,0.0,0.0,64,0.25,0.9375,0.0,,,,0.0,192,0.0029411764705882353,0.00390625,0.75,192,0.75,1,1,0.99609375,0.25,0.0,0.1015625,0.8984375,0.0203125,0.06041442165369127,0.0,0.0,0.00390625,26,0.1015625,690.0,0,0,0,256,0,0,0,0,0.0,0.25,,,,,,,,
G023-R1,23,1,102301,2026-01-15,256,flat,balanced,heavy,fan_in,short,0.25,duration_aligned,0.0,relaxed,0.25,mixed,early,homogeneous,256,256,256,256,256,255,1,10,1.0,0.0,1.0,0,0,0.0,,0,0.3984375,0.3515625,0.1484375,0.05859375,0.03125,0.01171875,0.7500809132319561,0.1015625,64,0.25,0.0,0.0,0.0,1.0,,,,,,,0.0,0.0,0.0,0.0,0.0,0.0,64,0.25,0.9375,0.0,,,,0.0,192,0.0029411764705882353,0.00390625,0.75,192,0.75,1,1,0.99609375,0.25,0.0,0.1015625,0.8984375,0.0203125,0.06041442165369127,0.0,0.0,0.00390625,26,0.1015625,690.0,0,0,0,256,0,0,0,0,0.0,0.25,,,,,,,,
G024-R0,24,0,102400,2026-01-15,16,deep,broad,moderate,fan_out,balanced,0.5,duration_aligned,0.25,compressed,0.5,same,advanced,mixed,16,16,15,8,8,4,4,4,0.0625,0.4375,1.0,1.6875,4,0.9164298936634487,2.142857142857143,6,0.125,0.25,0.25,0.125,0.125,0.125,0.9671320180863539,0.375,2,0.25,0.125,0.25,0.125,0.75,3,3,0.0,1.5,1.5,1,0.5,1.0,1.0,0.0,0.0,0.0,2,0.25,0.0,1.0,0.0,0.0,1.0,0.0,4,0.05555555555555555,0.5,0.4444444444444444,1,0.4444444444444444,4,1,0.5555555555555556,0.8888888888888888,0.1111111111111111,0.3333333333333333,0.5555555555555556,0.34444444444444444,0.4030746032714901,0.0,0.0,0.5,3,0.3333333333333333,25.0,6.3999999999999995,6.3999999999999995,6.3999999999999995,8,1,2,2,2,0.5,0.25,,-1.0,1.0,-0.2208630521496931,-1.0,-1.0,,1.0
G024-R1,24,1,102401,2026-01-15,16,deep,broad,moderate,fan_out,balanced,0.5,duration_aligned,0.25,compressed,0.5,same,advanced,mixed,16,16,15,8,8,4,4,4,0.0625,0.4375,1.0,1.6875,4,0.9164298936634487,2.142857142857143,6,0.0,0.25,0.25,0.125,0.125,0.25,0.8704188162777186,0.5,2,0.25,0.125,0.25,0.125,0.75,3,3,0.0,2.5,2.5,2,0.0,1.0,1.0,0.0,0.0,0.0,2,0.25,0.0,1.0,0.0,0.0,1.0,0.0,4,0.05555555555555555,0.5,0.4444444444444444,1,0.4444444444444444,4,1,0.5555555555555556,0.8888888888888888,0.1111111111111111,0.4444444444444444,0.4444444444444444,0.4444444444444444,0.4058218303944372,0.0,0.0,0.5,4,0.4444444444444444,30.4,3.5999999999999996,3.5999999999999996,3.5999999999999996,8,0,2,2,2,0.5,0.25,,-1.0,-1.0,0.643939472534239,,-1.0,,-1.0
G025-R0,25,0,102500,2026-01-15,32,medium,balanced,sparse,chain,long,0.25,duration_opposed,0.0,compressed,0.25,mixed,advanced,homogeneous,32,32,32,16,16,12,4,10,0.03125,0.5,1.0,4.03125,5,1.2865743031399313,1.9375,2,0.0,0.125,0.125,0.1875,0.3125,0.25,0.8616051493362594,0.75,3,0.1875,0.0,0.0,0.0,1.0,,,,,,,0.0,0.0,0.0,0.0,0.0,0.0,4,0.25,0.0,0.0,,,,0.0,4,0.016666666666666666,0.25,0.25,1,0.25,1,4,0.75,0.75,0.0,0.75,0.25,0.6000000000000001,0.34641016151377546,0.0,0.0,0.25,12,0.75,51.99999999999999,0,0,0,16,0,0,0,0,0.0,0.25,,,,,,,,
G025-R1,25,1,102501,2026-01-15,32,medium,balanced,sparse,chain,long,0.25,duration_opposed,0.0,compressed,0.25,mixed,advanced,homogeneous,32,32,32,16,16,12,4,10,0.03125,0.5,1.0,4.03125,5,1.2865743031399313,1.9375,2,0.0625,0.0,0.1875,0.125,0.375,0.25,0.8156631257730544,0.75,3,0.1875,0.0,0.0,0.0,1.0,,,,,,,0.0,0.0,0.0,0.0,0.0,0.0,4,0.25,0.0,0.0,,,,0.0,4,0.016666666666666666,0.25,0.25,1,0.25,1,4,0.75,0.75,0.0,0.75,0.25,0.6000000000000001,0.34641016151377546,0.0,0.0,0.25,12,0.75,54.599999999999994,0,0,0,16,0,0,0,0,0.0,0.25,,,,,,,,
G026-R0,26,0,102600,2026-01-15,16,deep,broad,none,none,bimodal,1.0,urgency_opposed,0.25,relaxed,0.75,same,mixed,mixed,16,16,13,6,6,6,0,0,0.0625,0.4375,1.0,1.6875,4,0.9164298936634487,2.142857142857143,6,0.16666666666666666,0.16666666666666666,0.16666666666666666,0.0,0.0,0.5,0.6934264036172707,0.5,6,1.0,0.0,0.16666666666666666,0.0,0.8333333333333334,,,,31,31,31,0.0,0.0,0.0,0.0,0.0,0.0,1,0.16666666666666666,0.0,1.0,0.0,0.0,1.0,0.0,0,0.0,0.0,0.0,0,0.0,0,0,1.0,1.0,0.3333333333333333,0.2222222222222222,0.4444444444444444,0.37777777777777777,0.446661138716484,0.0,0.0,0.0,3,0.3333333333333333,69.4,0,0,0,6,0,0,0,0,0.0,0.0,,0.33394720739540396,,0.8798826901281198,0.20701966780270628,,0.8280786712108251,1.0
G026-R1,26,1,102601,2026-01-15,16,deep,broad,none,none,bimodal,1.0,urgency_opposed,0.25,relaxed,0.75,same,mixed,mixed,16,16,14,7,7,7,0,31,0.0625,0.4375,1.0,1.75,4,0.9682458365518543,2.142857142857143,6,0.2857142857142857,0.14285714285714285,0.0,0.0,0.2857142857142857,0.2857142857142857,0.754445012014942,0.5714285714285714,7,1.0,0.14285714285714285,0.2857142857142857,0.14285714285714285,0.7142857142857143,17,17,0.0,24,24.0,17,0.0,0.0,0.0,0.0,0.0,0.0,2,0.2857142857142857,0.0,1.0,0.0,0.0,1.0,0.0,0,0.0,0.0,0.0,0,0.0,0,0,1.0,1.0,0.2222222222222222,0.3333333333333333,0.4444444444444444,0.35555555555555557,0.3975231959999626,0.0,0.0,0.0,5,0.5555555555555556,56.8,0,0,0,7,0,0,0,0,0.0,0.0,-1.0,-0.4405338589286114,-1.0,0.4450990985692623,0.28867513459481287,,-0.019702760155977515,-1.0
G027-R0,27,0,102700,2026-01-15,128,deep,narrow,heavy,chain,balanced,0.25,urgency_aligned,1.0,overdue_mixed,0.0,none,mixed,homogeneous,128,128,128,89,89,22,67,30,0.234375,0.3046875,1.0,7.421875,12,4.999389611180049,2.5128205128205128,3,0.07865168539325842,0.19101123595505617,0.2808988764044944,0.2247191011235955,0.11235955056179775,0.11235955056179775,0.9485647961863535,0.449438202247191,6,0.06741573033707865,0.5056179775280899,1.0,0.5056179775280899,0.0,6.333333333333333,7,0.9428090415820634,-1.2584269662921348,-1,-14,0.033707865168539325,0.23595505617977527,0.39325842696629215,0.5056179775280899,0.8089887640449438,0.8,0,0.0,0.0,0.0,,,,0.0,67,0.00855464759959142,0.7528089887640449,0.7528089887640449,1,0.7528089887640449,1,67,0.24719101123595505,0.24719101123595505,0.0,0.449438202247191,0.550561797752809,0.2696629213483146,0.2984621611844313,0.0,0.0,0.7528089887640449,40,0.449438202247191,365.0,289.0,341.0,365.0,89,48,66,80,89,0.5,0.0,0.8280786712108251,-0.20701966780270628,0.19806705357106447,-0.07040516102181014,0.4394802124588286,-0.030853326168553585,-0.20701966780270628,0.21167447069628217
G027-R1,27,1,102701,2026-01-15,128,deep,narrow,heavy,chain,balanced,0.25,urgency_aligned,1.0,overdue_mixed,0.0,none,mixed,homogeneous,128,128,128,89,89,22,67,30,0.1796875,0.3046875,1.0,8.0859375,12,4.768102583428103,2.6923076923076925,3,0.11235955056179775,0.20224719101123595,0.24719101123595505,0.19101123595505617,0.1348314606741573,0.11235955056179775,0.9746480444120699,0.4382022471910112,6,0.06741573033707865,0.5056179775280899,1.0,0.5056179775280899,0.0,6.333333333333333,7,0.9428090415820634,-1.202247191011236,-1,-14,0.07865168539325842,0.2247191011235955,0.3707865168539326,0.5056179775280899,0.8089887640449438,0.8,0,0.0,0.0,0.0,,,,0.0,67,0.00855464759959142,0.7528089887640449,0.7528089887640449,1,0.7528089887640449,1,67,0.24719101123595505,0.24719101123595505,0.0,0.43820224719101125,0.5617977528089888,0.26292134831460673,0.29769980448296113,0.0,0.0,0.7528089887640449,39,0.43820224719101125,361.20000000000005,272.0,325.0,361.20000000000005,89,52,65,78,89,0.4358974358974359,0.0,0.9561828874675149,0.09107651110783745,-0.11320555074290253,-0.07940497285855444,-0.06761234037828133,0.15152133780095342,-0.20701966780270628,-0.12457055764621262
G028-R0,28,0,102800,2026-01-15,32,shallow,broad,moderate,fan_in,bimodal,1.0,urgency_aligned,0.75,compressed,1.0,before,early,mixed,32,32,32,25,25,24,1,10,0.03125,0.21875,1.0,1.75,2,0.5,4.428571428571429,6,0.32,0.12,0.08,0.08,0.12,0.28,0.9119690559409841,0.48000000000000004,24,0.96,0.4,0.76,0.4,0.24,4.4,3.0,1.9595917942265424,3.9473684210526314,3,1,0.10526315789473684,0.5789473684210527,0.8947368421052632,0.0,0.5789473684210527,0.7,19,0.76,0.5789473684210527,1.0,1.0,0.0,0.0,0.0,12,0.02,0.04,0.48,12,0.48,1,1,0.96,0.52,0.0,0.44,0.56,0.088,0.10796295661012624,0.0,0.0,0.04,11,0.44,211.6,136.0,147.0,166.2,25,2,11,17,19,0.47058823529411764,0.76,0.9780881078661707,0.28685617277927716,0.4303595266253899,,,0.0885477825276868,0.23509612148098855,0.21563146061466865
G028-R1,28,1,102801,2026-01-15,32,shallow,broad,moderate,fan_in,bimodal,1.0,urgency_aligned,0.75,compressed,1.0,before,early,mixed,32,32,32,25,25,24,1,9,0.03125,0.21875,1.0,1.75,2,0.5,4.428571428571429,6,0.24,0.2,0.08,0.08,0.08,0.32,0.9126165543856191,0.48,24,0.96,0.4,0.76,0.4,0.24,4.6,4.0,1.7435595774162693,4,4,1,0.05263157894736842,0.47368421052631576,0.9473684210526315,0.0,0.5789473684210527,0.8,19,0.76,0.5789473684210527,1.0,1.0,0.0,0.0,0.0,12,0.02,0.04,0.48,12,0.48,1,1,0.96,0.52,0.0,0.28,0.72,0.06,0.1,0.0,0.0,0.04,7,0.28,234.8,92.4,174.8,175.8,25,1,9,18,19,0.4444444444444444,0.76,0.9891047332687337,0.15046854465159296,0.36101754457059265,,,0.26178274846530414,-0.33086589343775114,-0.24896474070668784
G029-R0,29,0,102900,2026-01-15,64,shallow,narrow,heavy,fan_out,short,0.5,duration_aligned,0.25,compressed,0.25,after,mixed,homogeneous,64,64,64,44,44,11,33,12,0.28125,0.3125,1.0,1.21875,2,0.856386850377795,2.3,3,0.5,0.36363636363636365,0.06818181818181818,0.045454545454545456,0.0,0.022727272727272728,0.6273399261370596,0.06818181818181818,6,0.13636363636363635,0.13636363636363635,0.25,0.13636363636363635,0.75,4.333333333333333,3.0,1.9720265943665387,3.727272727272727,3,1,0.18181818181818182,0.6363636363636364,0.8181818181818182,0.0,0.4545454545454546,0.5,11,0.25,0.4545454545454546,1.0,0.0,1.0,0.0,0.0,33,0.01744186046511628,0.75,0.75,1,0.75,33,1,0.25,0.9772727272727273,0.0,0.06818181818181818,0.9318181818181818,0.04090909090909091,0.15123458872376477,0.0,0.0,0.75,3,0.06818181818181818,82.0,13.0,15.0,21.0,44,2,7,9,11,0.0,0.18181818181818182,,,0.06728419560243849,-0.2850443234307525,,0.0,,
G029-R1,29,1,102901,2026-01-15,64,shallow,narrow,heavy,fan_out,short,0.5,duration_aligned,0.25,compressed,0.25,after,mixed,homogeneous,64,64,64,44,44,11,33,12,0.375,0.3125,1.0,1.046875,2,0.8914469890997445,2,3,0.36363636363636365,0.4090909090909091,0.13636363636363635,0.022727272727272728,0.045454545454545456,0.022727272727272728,0.7354297487735376,0.09090909090909091,6,0.13636363636363635,0.13636363636363635,0.25,0.13636363636363635,0.75,4.166666666666667,3.0,1.8633899812498247,4,3,1,0.09090909090909091,0.5454545454545454,0.9090909090909091,0.0,0.2727272727272727,0.5,11,0.25,0.2727272727272727,1.0,0.0,1.0,0.0,0.0,33,0.01744186046511628,0.75,0.75,1,0.75,33,1,0.25,0.9772727272727273,0.0,0.09090909090909091,0.9090909090909091,0.05454545454545454,0.17248787237282068,0.0,0.0,0.75,4,0.09090909090909091,101.60000000000001,8.0,24.6,25.6,44,1,6,10,11,0.1,0.18181818181818182,-1.0,-0.6546536707079772,-0.27120348416162654,-0.04698664015695415,0.6210590034081188,0.7835518415344916,,-0.3034683233153239
G030-R0,30,0,103000,2026-01-15,16,medium,narrow,heavy,layered,bimodal,0.0,none,1.0,overdue_mixed,1.0,same,advanced,homogeneous,16,16,16,11,11,3,8,28,0.1875,0.3125,1.0,2.125,4,1.4523687548277813,2.6,3,0.2727272727272727,0.09090909090909091,0.09090909090909091,0.09090909090909091,0.18181818181818182,0.2727272727272727,0.933510035736515,0.5454545454545454,0,0.0,0.5454545454545454,1.0,0.5454545454545454,0.0,6.333333333333333,7.0,0.9428090415820634,-2,-3,-13,0.0,0.18181818181818182,0.36363636363636365,0.5454545454545454,0.18181818181818177,0.33333333333333337,11,1.0,0.18181818181818177,1.0,0.0,0.0,1.0,0.0,8,0.07272727272727272,0.7272727272727273,0.7272727272727273,1,0.7272727272727273,1,3,0.2727272727272727,0.2727272727272727,0.0,0.5454545454545454,0.45454545454545453,0.4363636363636364,0.39834367818557537,0.0,0.0,0.7272727272727273,6,0.5454545454545454,31.399999999999995,23.999999999999996,28.199999999999996,31.399999999999995,11,6,8,10,11,0.5,0.9090909090909091,,,-0.053620192142839425,-0.3492982901621804,,0.7414248510353212,,-0.11599852366454817
G030-R1,30,1,103001,2026-01-15,16,medium,narrow,heavy,layered,bimodal,0.0,none,1.0,overdue_mixed,1.0,same,advanced,homogeneous,16,16,16,11,11,3,8,29,0.0625,0.3125,1.0,2.625,4,1.3169567191065923,3,3,0.2727272727272727,0.09090909090909091,0.0,0.09090909090909091,0.18181818181818182,0.36363636363636365,0.8193845012292461,0.6363636363636364,0,0.0,0.5454545454545454,1.0,0.5454545454545454,0.0,6.333333333333333,7.0,0.9428090415820634,-1.7272727272727273,-1,-13,0.0,0.36363636363636365,0.36363636363636365,0.5454545454545454,0.2727272727272727,0.16666666666666663,11,1.0,0.2727272727272727,1.0,0.0,0.0,1.0,0.0,8,0.07272727272727272,0.7272727272727273,0.7272727272727273,1,0.7272727272727273,1,3,0.2727272727272727,0.2727272727272727,0.0,0.6363636363636364,0.36363636363636365,0.5090909090909091,0.38483655433666775,0.0,0.0,0.7272727272727273,7,0.6363636363636364,32.199999999999996,27.399999999999995,27.399999999999995,32.199999999999996,11,6,10,10,11,0.6,0.9090909090909091,,,-0.3929685442893713,0.4414318239297308,,-0.4977197752972463,,-0.27203551653991104
G031-R0,31,0,103100,2026-01-15,32,flat,balanced,sparse,chain,balanced,0.75,urgency_opposed,0.5,urgent,1.0,after,completion_heavy,mixed,32,32,15,15,15,7,8,5,1.0,0.0,1.0,0,0,0.0,,0,0.13333333333333333,0.13333333333333333,0.2,0.2,0.13333333333333333,0.2,0.9887621559162939,0.5333333333333333,5,0.3333333333333333,0.3333333333333333,0.6,0.3333333333333333,0.4,2,2,0.8944271909999159,1.7777777777777777,1,1,0.5555555555555556,1.0,1.0,0.0,0.6666666666666667,0.8,9,0.6,0.6666666666666667,1.0,0.0,1.0,0.0,0.0,8,0.008064516129032258,0.5333333333333333,0.25,1,0.25,1,8,0.75,0.75,0.53125,0.1875,0.28125,0.68125,0.4326065620168053,0.0,0.0,0.5333333333333333,12,0.375,62.8,41.8,41.8,41.8,15,5,9,9,9,0.6666666666666666,0.6,-1.0,-0.5,0.19117977822546814,,,-0.2819071772353001,-0.5773502691896257,0.20890950883980655
G031-R1,31,1,103101,2026-01-15,32,flat,balanced,sparse,chain,balanced,0.75,urgency_opposed,0.5,urgent,1.0,after,completion_heavy,mixed,32,32,12,12,12,5,7,6,1.0,0.0,1.0,0,0,0.0,,0,0.08333333333333333,0.16666666666666666,0.16666666666666666,0.3333333333333333,0.08333333333333333,0.16666666666666666,0.9355245321275764,0.5833333333333333,4,0.3333333333333333,0.16666666666666666,0.4166666666666667,0.16666666666666666,0.5833333333333334,2.5,2.5,1.5,1.8,1,1,0.6,0.8,1.0,0.0,0.4,0.5,5,0.4166666666666667,0.4,1.0,0.0,1.0,0.0,0.0,8,0.008064516129032258,0.5833333333333334,0.25,1,0.25,1,8,0.75,0.75,0.625,0.125,0.25,0.725,0.4235268586524354,0.0,0.0,0.5833333333333334,11,0.34375,64.2,35.6,39.6,39.6,12,3,4,5,5,0.6,0.4166666666666667,,-0.31622776601683794,-0.11470786693528087,,,0.2751309572002175,-0.2581988897471611,-0.12008133702171563
G032-R0,32,0,103200,2026-01-15,32,medium,narrow,heavy,fan_in,short,0.5,duration_aligned,0.5,mixed,0.75,before,fresh,mixed,32,32,32,22,22,21,1,38,0.125,0.3125,1.0,3.34375,5,1.813308009550501,2.8,3,0.4090909090909091,0.2727272727272727,0.18181818181818182,0.09090909090909091,0.045454545454545456,0.0,0.7749082975165111,0.13636363636363635,10,0.45454545454545453,0.2727272727272727,0.5,0.2727272727272727,0.5,13.166666666666666,8.0,9.423669962151452,12.090909090909092,9,2,0.0,0.2727272727272727,0.45454545454545453,0.0,0.09090909090909094,0.33333333333333337,11,0.5,0.09090909090909094,1.0,1.0,0.0,0.0,0.0,16,0.03463203463203463,0.045454545454545456,0.7272727272727273,16,0.7272727272727273,1,1,0.9545454545454546,0.2727272727272727,0.0,0.0,1.0,0.0,0.0,0.0,0.0,0.045454545454545456,0,0.0,69.0,7.0,17.0,19.0,22,0,3,5,7,0.2,0.2727272727272727,0.2,-0.6963106238227914,0.263728545250875,0.08069168496744444,0.27993581439723286,0.350798176635218,,
G032-R1,32,1,103201,2026-01-15,32,medium,narrow,heavy,fan_in,short,0.5,duration_aligned,0.5,mixed,0.75,before,fresh,mixed,32,32,32,22,22,21,1,38,0.0625,0.3125,1.0,3.65625,5,1.6318964236433635,3,3,0.3181818181818182,0.45454545454545453,0.09090909090909091,0.09090909090909091,0.045454545454545456,0.0,0.7251156746205553,0.13636363636363635,10,0.45454545454545453,0.2727272727272727,0.5,0.2727272727272727,0.5,12.5,7.5,9.069178573608527,11.363636363636363,8,1,0.09090909090909091,0.2727272727272727,0.45454545454545453,0.0,0.2727272727272727,0.5,11,0.5,0.2727272727272727,1.0,1.0,0.0,0.0,0.0,16,0.03463203463203463,0.045454545454545456,0.7272727272727273,16,0.7272727272727273,1,1,0.9545454545454546,0.2727272727272727,0.0,0.0,1.0,0.0,0.0,0.0,0.0,0.045454545454545456,0,0.0,67.0,5.0,9.0,32.0,22,1,3,5,9,0.0,0.3181818181818182,-0.4,-0.7977240352174656,-0.3297243418896063,-0.33332371540551387,-0.058025885318565944,0.20137774303955505,,
G033-R0,33,0,103300,2026-01-15,64,shallow,balanced,sparse,layered,balanced,0.75,random,0.0,mixed,0.5,mixed,completion_heavy,mixed,64,64,38,21,21,16,5,10,0.0625,0.265625,1.0,1.671875,2,0.5877575898063758,3.5294117647058822,4,0.047619047619047616,0.19047619047619047,0.3333333333333333,0.19047619047619047,0.14285714285714285,0.09523809523809523,0.9179887045038185,0.42857142857142855,12,0.5714285714285714,0.0,0.0,0.0,1.0,,,,,,,0.0,0.0,0.0,0.0,0.0,0.0,13,0.6190476190476191,0.6923076923076923,0.0,,,,0.0,12,0.005550416281221091,0.23809523809523808,0.2553191489361702,1,0.2553191489361702,1,3,0.7446808510638298,0.7446808510638298,0.5531914893617021,0.1276595744680851,0.3191489361702128,0.6553191489361703,0.45326640076102065,0.0,0.0,0.23809523809523808,19,0.40425531914893614,81.8,0,0,0,21,0,0,0,0,0.0,0.6190476190476191,,-0.3526640389548165,,,,,-0.4651705239840723,
G033-R1,33,1,103301,2026-01-15,64,shallow,balanced,sparse,layered,balanced,0.75,random,0.0,mixed,0.5,mixed,completion_heavy,mixed,64,64,29,14,14,10,4,10,0.0625,0.234375,1.0,1.6875,2,0.582961190818051,4,4,0.2857142857142857,0.14285714285714285,0.21428571428571427,0.14285714285714285,0.14285714285714285,0.07142857142857142,0.954644448337665,0.3571428571428571,8,0.5714285714285714,0.0,0.0,0.0,1.0,,,,,,,0.0,0.0,0.0,0.0,0.0,0.0,7,0.5,0.4285714285714286,0.0,,,,0.0,12,0.00510204081632653,0.2857142857142857,0.24489795918367346,1,0.24489795918367346,1,3,0.7551020408163265,0.7551020408163265,0.7142857142857143,0.061224489795918366,0.22448979591836735,0.763265306122449,0.41339504136468097,0.0,0.0,0.2857142857142857,19,0.3877551020408163,47.199999999999996,0,0,0,14,0,0,0,0,0.0,0.5,,0.6671243849949912,,-0.4558097816826945,,,0.5039526306789696,
G034-R0,34,0,103400,2026-01-15,32,flat,balanced,none,none,short,0.5,duration_opposed,1.0,urgent,0.5,after,mixed,homogeneous,32,32,32,32,32,32,0,7,1.0,0.0,1.0,0,0,0.0,,0,0.40625,0.34375,0.15625,0.0625,0.03125,0.0,0.7281403425571386,0.09375,16,0.5,0.5,1.0,0.5,0.0,2.0625,2.0,1.0288798520721456,1.9375,2.0,0,0.375,0.84375,1.0,0.0,0.84375,0.875,16,0.5,0.6875,1.0,0.0,1.0,0.0,0.0,0,0.0,0.0,0.0,0,0.0,0,0,1.0,1.0,0.0,0.09375,0.90625,0.056249999999999994,0.17488835724541527,0.0,0.0,0.0,3,0.09375,67.8,57.8,67.8,67.8,32,12,27,32,32,0.09375,0.5,0.03247336398839977,0.9195587176978518,-0.08584698739299904,,,,0.6773651374345779,0.13195553847403943
G034-R1,34,1,103401,2026-01-15,32,flat,balanced,none,none,short,0.5,duration_opposed,1.0,urgent,0.5,after,mixed,homogeneous,32,32,32,32,32,32,0,7,1.0,0.0,1.0,0,0,0.0,,0,0.40625,0.34375,0.15625,0.0625,0.03125,0.0,0.7281403425571386,0.09375,16,0.5,0.5,1.0,0.5,0.0,2,1.5,1.1726039399558574,1.84375,1.5,0,0.5,0.8125,1.0,0.0,0.84375,0.875,16,0.5,0.6875,1.0,0.0,1.0,0.0,0.0,0,0.0,0.0,0.0,0,0.0,0,0,1.0,1.0,0.0,0.09375,0.90625,0.056249999999999994,0.17488835724541527,0.0,0.0,0.0,3,0.09375,67.8,56.6,67.8,67.8,32,16,26,32,32,0.09375,0.5,0.04896629667147262,0.9195587176978518,0.15796337344407566,,,,0.6773651374345779,-0.012051486978071832
G035-R0,35,0,103500,2026-01-15,256,shallow,narrow,moderate,fan_in,long,0.75,urgency_opposed,1.0,relaxed,0.0,none,advanced,mixed,256,256,219,142,142,141,1,70,0.30078125,0.30078125,1.0,1.1953125,2,0.8710499568588187,2.324675324675325,3,0.035211267605633804,0.07746478873239436,0.09859154929577464,0.2605633802816901,0.2605633802816901,0.2676056338028169,0.8918780842168502,0.7887323943661971,106,0.7464788732394366,0.5140845070422535,1.0,0.5140845070422535,0.0,38.42465753424658,36,16.102342047145353,38.936619718309856,37.0,14,0.0,0.0,0.0,0.0,0.6549295774647887,0.9863013698630136,0,0.0,0.0,0.0,,,,0.0,90,0.002824681438704413,0.007042253521126761,0.5027932960893855,90,0.5027932960893855,1,1,0.994413407821229,0.4972067039106145,0.20670391061452514,0.6256983240223464,0.16759776536312848,0.6715083798882682,0.33026730952341216,0.0,0.0,0.007042253521126761,143,0.7988826815642458,561.4,0,0,10.4,142,0,0,0,2,0.0,0.0,-0.9994254842592293,-0.04858508872306801,-0.05942015931880979,0.02171509278483355,-0.08743637533144934,0.09432860469033322,0.08121274632849938,-0.05456790461032408
G035-R1,35,1,103501,2026-01-15,256,shallow,narrow,moderate,fan_in,long,0.75,urgency_opposed,1.0,relaxed,0.0,none,advanced,mixed,256,256,226,149,149,148,1,70,0.32421875,0.30078125,1.0,1.15234375,2,0.8818007892012444,2.2467532467532467,3,0.026845637583892617,0.053691275167785234,0.08053691275167785,0.22818791946308725,0.33557046979865773,0.2751677852348993,0.8459104739358382,0.8389261744966443,111,0.7449664429530202,0.48322147651006714,1.0,0.48322147651006714,0.0,40.19444444444444,38.0,16.855298284127564,39.53020134228188,35,14,0.0,0.0,0.0,0.0,0.6912751677852349,0.9861111111111112,0,0.0,0.0,0.0,,,,0.0,90,0.002824681438704413,0.006711409395973154,0.5027932960893855,90,0.5027932960893855,1,1,0.994413407821229,0.4972067039106145,0.16759776536312848,0.6983240223463687,0.1340782122905028,0.7044692737430168,0.3057770080709727,0.0,0.0,0.006711409395973154,146,0.8156424581005587,542.4,0,0,12.000000000000002,149,0,0,0,2,0.0,0.0,-0.9993175101715601,0.1487181914434385,-0.012770725050441023,0.10646392433368734,0.014522978435783273,0.12335033668027155,0.0365372227287093,-0.035708789644889355
G036-R0,36,0,103600,2026-01-15,16,shallow,broad,heavy,fan_in,uniform,0.5,urgency_aligned,0.25,relaxed,0.75,mixed,early,homogeneous,16,16,16,9,9,8,1,25,0.0625,0.4375,1.0,1.5,2,0.6123724356957945,2.142857142857143,6,0.2222222222222222,0.1111111111111111,0.2222222222222222,0.2222222222222222,0.1111111111111111,0.1111111111111111,0.9683925140412225,0.4444444444444444,4,0.4444444444444444,0.1111111111111111,0.2222222222222222,0.1111111111111111,0.7777777777777778,18,18,0.0,20,20.0,18,0.0,0.0,0.0,0.0,0.0,0.0,7,0.7777777777777778,0.2857142857142857,0.14285714285714285,1.0,0.0,0.0,0.0,7,0.09722222222222222,0.1111111111111111,0.7777777777777778,7,0.7777777777777778,1,1,0.8888888888888888,0.2222222222222222,0.0,0.4444444444444444,0.5555555555555556,0.08888888888888889,0.09938079899999065,0.0,0.0,0.1111111111111111,4,0.4444444444444444,56.800000000000004,0,0,0,9,0,0,0,0,0.0,0.6666666666666666,,-0.4,-1.0,,,1.0,-0.4472135954999579,
G036-R1,36,1,103601,2026-01-15,16,shallow,broad,heavy,fan_in,uniform,0.5,urgency_aligned,0.25,relaxed,0.75,mixed,early,homogeneous,16,16,16,9,9,8,1,29,0.0625,0.4375,1.0,1.5,2,0.6123724356957945,2.142857142857143,6,0.0,0.3333333333333333,0.2222222222222222,0.2222222222222222,0.1111111111111111,0.1111111111111111,0.8499774069493012,0.4444444444444444,4,0.4444444444444444,0.1111111111111111,0.2222222222222222,0.1111111111111111,0.7777777777777778,14,14,0.0,20,20.0,14,0.0,0.0,0.0,0.0,0.0,0.0,7,0.7777777777777778,0.2857142857142857,0.2857142857142857,1.0,0.0,0.0,0.0,7,0.09722222222222222,0.1111111111111111,0.7777777777777778,7,0.7777777777777778,1,1,0.8888888888888888,0.2222222222222222,0.0,0.4444444444444444,0.5555555555555556,0.08888888888888889,0.09938079899999065,0.0,0.0,0.1111111111111111,4,0.4444444444444444,58.800000000000004,0,0,12.8,9,0,0,0,1,0.0,0.5555555555555556,1.0,0.8,1.0,,,,0.4472135954999579,1.0
G037-R0,37,0,103700,2026-01-15,256,medium,broad,moderate,fan_out,bimodal,1.0,urgency_aligned,0.75,mixed,0.5,same,fresh,homogeneous,256,256,256,153,153,77,76,39,0.00390625,0.40234375,1.0,2.32421875,8,0.8006097377302112,2.4757281553398056,16,0.3137254901960784,0.1568627450980392,0.0457516339869281,0.05228758169934641,0.1437908496732026,0.2875816993464052,0.8856882975802352,0.4836601307189542,77,0.5032679738562091,0.3790849673202614,0.7516339869281046,0.3790849673202614,0.24836601307189543,14.051724137931034,9.0,9.32446247649827,12.652173913043478,10,1,0.06956521739130435,0.17391304347826086,0.41739130434782606,0.0,0.8434782608695652,0.8793103448275862,76,0.49673202614379086,0.7763157894736842,1.0,0.0,0.0,1.0,0.0,76,0.0032679738562091504,0.49673202614379086,0.49673202614379086,1,0.49673202614379086,76,1,0.5032679738562091,0.9934640522875817,0.0,0.0,1.0,0.0,0.0,0.0,0.0,0.49673202614379086,0,0.0,1596.0,226.0,603.0,905.0,153,8,20,48,76,0.5833333333333334,0.1895424836601307,0.9954833555923961,0.16103512217580987,0.23572822571026955,-0.07300425644663597,0.052628159424969505,-0.1305392960310522,,
G037-R1,37,1,103701,2026-01-15,256,medium,broad,moderate,fan_out,bimodal,1.0,urgency_aligned,0.75,mixed,0.5,same,fresh,homogeneous,256,256,256,153,153,77,76,39,0.00390625,0.40234375,1.0,2.32421875,8,0.8006097377302112,2.4757281553398056,16,0.3137254901960784,0.1503267973856209,0.032679738562091505,0.058823529411764705,0.13725490196078433,0.30718954248366015,0.8718522134215887,0.5032679738562091,77,0.5032679738562091,0.3790849673202614,0.7516339869281046,0.3790849673202614,0.24836601307189543,13.913793103448276,8.5,9.427188272004251,12.304347826086957,8,1,0.05217391304347826,0.22608695652173913,0.4608695652173913,0.0,0.8434782608695652,0.8793103448275862,76,0.49673202614379086,0.7631578947368421,1.0,0.0,0.0,1.0,0.0,76,0.0032679738562091504,0.49673202614379086,0.49673202614379086,1,0.49673202614379086,76,1,0.5032679738562091,0.9934640522875817,0.0,0.0,1.0,0.0,0.0,0.0,0.0,0.49673202614379086,0,0.0,1650.0,228.0,517.0,793.0,153,6,26,53,76,0.4339622641509434,0.20261437908496732,0.9971593282448262,0.012529343868358663,-0.09018636954616387,0.006870791892209083,-0.02132689269784547,0.1693653799571197,,
G038-R0,38,0,103800,2026-01-15,16,shallow,broad,heavy,random_dag,short,0.0,none,0.0,overdue_mixed,0.75,mixed,mixed,mixed,16,16,14,7,7,3,4,7,0.0625,0.4375,1.0,1.5,2,0.6123724356957945,2.142857142857143,6,0.42857142857142855,0.42857142857142855,0.14285714285714285,0.0,0.0,0.0,0.5604783958455847,0.0,0,0.0,0.0,0.0,0.0,1.0,,,,,,,0.0,0.0,0.0,0.0,0.0,0.0,5,0.7142857142857143,0.4,0.0,,,,0.0,7,0.09722222222222222,0.5714285714285714,0.7777777777777778,2,0.7777777777777778,2,3,0.3333333333333333,0.4444444444444444,0.2222222222222222,0.0,0.7777777777777778,0.2222222222222222,0.41573970964154905,0.0,0.0,0.5714285714285714,2,0.2222222222222222,13.0,0,0,0,7,0,0,0,0,0.0,0.7142857142857143,,,,,,,,
G038-R1,38,1,103801,2026-01-15,16,shallow,broad,heavy,random_dag,short,0.0,none,0.0,overdue_mixed,0.75,mixed,mixed,mixed,16,16,14,7,7,2,5,10,0.0625,0.4375,1.0,1.5,2,0.6123724356957945,2.142857142857143,6,0.42857142857142855,0.42857142857142855,0.0,0.14285714285714285,0.0,0.0,0.5604783958455847,0.14285714285714285,0,0.0,0.0,0.0,0.0,1.0,,,,,,,0.0,0.0,0.0,0.0,0.0,0.0,6,0.8571428571428571,0.33333333333333337,0.0,,,,0.0,7,0.09722222222222222,0.7142857142857143,0.7777777777777778,2,0.7777777777777778,4,2,0.4444444444444444,0.5555555555555556,0.2222222222222222,0.1111111111111111,0.6666666666666666,0.3111111111111111,0.44333194096133344,0.0,0.0,0.7142857142857143,1,0.1111111111111111,10.6,0,0,0,7,0,0,0,0,0.0,0.8571428571428571,,,,,,,,
G039-R0,39,0,103900,2026-01-15,64,medium,broad,moderate,random_dag,bimodal,1.0,duration_aligned,0.0,compressed,0.0,none,completion_heavy,mixed,64,64,43,17,17,7,10,,0.015625,0.40625,1.0,2.203125,6,0.904497227400394,2.423076923076923,8,0.4117647058823529,0.058823529411764705,0.0,0.058823529411764705,0.11764705882352941,0.35294117647058826,0.7356030897821617,0.5294117647058824,7,0.4117647058823529,0.0,0.0,0.0,1.0,,,,,,,0.0,0.0,0.0,0.0,0.0,0.0,0,0.0,0.0,0.0,,,,0.0,19,0.013513513513513514,0.5882352941176471,0.5,2,0.5,3,3,0.5526315789473685,0.6052631578947368,0.5526315789473685,0.13157894736842105,0.3157894736842105,0.6578947368421053,0.4516819904519273,0.0,0.0,0.5882352941176471,15,0.39473684210526316,103.39999999999999,0,0,0,17,0,0,0,0,0.0,0.0,,-0.9258200997725514,,-0.1450504403965859,0.15811388300841897,,-0.8660254037844387,
G039-R1,39,1,103901,2026-01-15,64,medium,broad,moderate,random_dag,bimodal,1.0,duration_aligned,0.0,compressed,0.0,none,completion_heavy,mixed,64,64,35,9,9,3,6,,0.015625,0.40625,1.0,2.203125,6,0.904497227400394,2.423076923076923,8,0.2222222222222222,0.2222222222222222,0.0,0.1111111111111111,0.1111111111111111,0.3333333333333333,0.8499774069493012,0.5555555555555556,3,0.3333333333333333,0.0,0.0,0.0,1.0,,,,,,,0.0,0.0,0.0,0.0,0.0,0.0,0,0.0,0.0,0.0,,,,0.0,19,0.013513513513513514,0.6666666666666666,0.5,3,0.5,2,3,0.7105263157894737,0.5789473684210527,0.7631578947368421,0.05263157894736842,0.18421052631578946,0.8052631578947368,0.38521857665558396,0.0,0.0,0.6666666666666666,15,0.39473684210526316,82.8,0,0,0,9,0,0,0,0,0.0,0.0,,-1.0,,0.1404878717372541,0.0,,-0.8660254037844387,
G040-R0,40,0,104000,2026-01-15,16,flat,balanced,moderate,chain,bimodal,0.25,random,0.75,overdue_mixed,0.25,after,early,homogeneous,16,16,16,16,16,8,8,30,1.0,0.0,1.0,0,0,0.0,,0,0.3125,0.125,0.0625,0.0625,0.125,0.3125,0.8892952760645765,0.5,2,0.125,0.375,0.75,0.375,0.25,6.333333333333333,7.0,0.9428090415820634,-1,0.5,-14,0.0,0.25,0.4166666666666667,0.5,0.08333333333333337,0.0,4,0.25,0.0,1.0,0.0,1.0,0.0,0.0,8,0.03333333333333333,0.5,0.5,1,0.5,1,8,0.5,0.5,0.0,0.5,0.5,0.1,0.1,0.0,0.0,0.5,8,0.5,141.00000000000003,66.60000000000001,87.80000000000001,107.00000000000001,16,6,9,11,12,0.45454545454545453,0.25,1.0,1.0,-0.09895223738690243,,,-0.09079809991346767,,0.02418254167033372
G040-R1,40,1,104001,2026-01-15,16,flat,balanced,moderate,chain,bimodal,0.25,random,0.75,overdue_mixed,0.25,after,early,homogeneous,16,16,16,16,16,8,8,31,1.0,0.0,1.0,0,0,0.0,,0,0.3125,0.125,0.0625,0.0625,0.125,0.3125,0.8892952760645765,0.5,2,0.125,0.375,0.75,0.375,0.25,6.333333333333333,7.0,0.9428090415820634,-1.5833333333333333,-0.5,-14,0.0,0.3333333333333333,0.4166666666666667,0.5,0.25,0.33333333333333337,4,0.25,0.0,1.0,0.0,1.0,0.0,0.0,8,0.03333333333333333,0.5,0.5,1,0.5,1,8,0.5,0.5,0.0,0.5,0.5,0.1,0.1,0.0,0.0,0.5,8,0.5,141.00000000000003,79.4,98.60000000000001,100.60000000000001,16,6,10,11,12,0.5454545454545454,0.125,-1.0,-1.0,0.008945245205627693,,,0.5291473588060204,-1.0,-0.07280352571744352
G041-R0,41,0,104100,2026-01-15,128,deep,balanced,heavy,fan_in,short,0.25,duration_aligned,0.25,urgent,0.5,same,advanced,homogeneous,128,128,128,64,64,63,1,3,0.0078125,0.5,1.0,8.2109375,12,2.025819061785566,1.984375,2,0.40625,0.328125,0.125,0.078125,0.046875,0.015625,0.7808706934659174,0.140625,16,0.25,0.125,0.25,0.125,0.75,1.75,1.5,0.82915619758885,1.8125,1.5,1,0.5,1.0,1.0,0.0,0.8125,0.875,16,0.25,0.8125,1.0,0.0,0.0,1.0,0.0,48,0.011904761904761904,0.015625,0.75,48,0.75,1,1,0.984375,0.25,0.0,0.140625,0.859375,0.1125,0.2781074432660874,0.0,0.0,0.015625,9,0.140625,122.39999999999999,31.799999999999997,31.799999999999997,31.799999999999997,64,8,16,16,16,0.125,0.25,0.0,,0.028946246151157064,0.16624096328647772,0.23268946049775863,-0.3358876491038526,,-0.06704852344015112
G041-R1,41,1,104101,2026-01-15,128,deep,balanced,heavy,fan_in,short,0.25,duration_aligned,0.25,urgent,0.5,same,advanced,homogeneous,128,128,128,64,64,63,1,4,0.0078125,0.5,1.0,8.0703125,12,2.0162759365582255,1.984375,2,0.375,0.359375,0.125,0.078125,0.046875,0.015625,0.7831015862212545,0.140625,16,0.25,0.125,0.25,0.125,0.75,1.75,1.5,0.82915619758885,1.625,2.0,0,0.4375,1.0,1.0,0.0,0.75,0.75,16,0.25,0.75,1.0,0.0,0.0,1.0,0.0,48,0.011904761904761904,0.015625,0.75,48,0.75,1,1,0.984375,0.25,0.0,0.140625,0.859375,0.1125,0.2781074432660874,0.0,0.0,0.015625,9,0.140625,124.39999999999999,33.4,33.4,33.4,64,7,16,16,16,0.125,0.25,0.27774602993176545,,-0.5527404381118446,0.04030552070170657,0.8313535204503746,,,-0.317927927549473
G042-R0,42,0,104200,2026-01-15,256,shallow,broad,moderate,random_dag,balanced,0.5,duration_opposed,0.0,urgent,0.0,none,fresh,homogeneous,256,256,256,239,239,158,81,,0.00390625,0.06640625,1.0,1.9296875,2,0.27052015145594976,15,16,0.100418410041841,0.200836820083682,0.25523012552301255,0.19665271966527198,0.14225941422594143,0.10460251046025104,0.9683930483141359,0.4435146443514645,79,0.3305439330543933,0.0,0.0,0.0,1.0,,,,,,,0.0,0.0,0.0,0.0,0.0,0.0,0,0.0,0.0,0.0,,,,0.0,120,0.0021096304630638866,0.3389121338912134,0.502092050209205,5,0.502092050209205,4,4,0.6610878661087866,0.6150627615062761,0.0,0.0,1.0,0.0,0.0,0.0,0.0,0.3389121338912134,0,0.0,1884.0,0,0,0,239,0,0,0,0,0.0,0.0,,0.9560001161118351,,,,,,
G042-R1,42,1,104201,2026-01-15,256,shallow,broad,moderate,random_dag,balanced,0.5,duration_opposed,0.0,urgent,0.0,none,fresh,homogeneous,256,256,256,239,239,146,93,,0.00390625,0.06640625,1.0,1.9296875,2,0.27052015145594976,15,16,0.10460251046025104,0.200836820083682,0.2384937238493724,0.200836820083682,0.14644351464435146,0.1087866108786611,0.9741622071049512,0.4560669456066946,73,0.3054393305439331,0.0,0.0,0.0,1.0,,,,,,,0.0,0.0,0.0,0.0,0.0,0.0,0,0.0,0.0,0.0,,,,0.0,120,0.0021096304630638866,0.3891213389121339,0.502092050209205,3,0.502092050209205,5,5,0.6108786610878661,0.6610878661087866,0.0,0.0,1.0,0.0,0.0,0.0,0.0,0.3891213389121339,0,0.0,1917.0,0,0,0,239,0,0,0,0,0.0,0.0,,0.9572740283462036,,,,,,
G043-R0,43,0,104300,2026-01-15,256,shallow,broad,moderate,layered,short,1.0,random,0.5,compressed,0.75,before,completion_heavy,homogeneous,256,256,17,0,0,0,0,,0.00390625,0.06640625,0.0,1.9296875,2,0.27052015145594976,15,16,0.0,0.0,0.0,0.0,0.0,0.0,,0.0,0,0.0,0.0,0.0,0.0,0.0,,,,,,,0.0,0.0,0.0,0.0,0.0,0.0,0,0.0,0.0,0.0,,,,0.0,120,0.0021096304630638866,0.0,0.502092050209205,1,0.502092050209205,1,3,0.497907949790795,0.497907949790795,1.0,0.0,0.0,1.0,0.0,0.0,0.0,0.0,23,0.09623430962343096,0,0,0,0,0,0,0,0,0,0.0,0.0,,,,,,-0.03716567082486579,,
G043-R1,43,1,104301,2026-01-15,256,shallow,broad,moderate,layered,short,1.0,random,0.5,compressed,0.75,before,completion_heavy,homogeneous,256,256,17,0,0,0,0,,0.00390625,0.06640625,0.0,1.9296875,2,0.27052015145594976,15,16,0.0,0.0,0.0,0.0,0.0,0.0,,0.0,0,0.0,0.0,0.0,0.0,0.0,,,,,,,0.0,0.0,0.0,0.0,0.0,0.0,0,0.0,0.0,0.0,,,,0.0,120,0.0021096304630638866,0.0,0.502092050209205,1,0.502092050209205,1,3,0.497907949790795,0.497907949790795,1.0,0.0,0.0,1.0,0.0,0.0,0.0,0.0,24,0.100418410041841,0,0,0,0,0,0,0,0,0,0.0,0.0,,,,,,-0.100769292868925,,
G044-R0,44,0,104400,2026-01-15,128,flat,balanced,sparse,random_dag,long,0.75,urgency_opposed,0.75,mixed,0.25,before,mixed,homogeneous,128,128,128,128,128,101,27,39,1.0,0.0,1.0,0,0,0.0,,0,0.0234375,0.046875,0.1328125,0.25,0.296875,0.25,0.8668743490034254,0.796875,76,0.59375,0.375,0.75,0.375,0.25,14.020833333333334,8.0,9.657660136159045,12.333333333333334,8.5,1,0.07291666666666667,0.2708333333333333,0.4791666666666667,0.0,0.8125,0.8541666666666666,32,0.25,0.53125,1.0,1.0,0.0,0.0,0.0,32,0.001968503937007874,0.2109375,0.25,2,0.25,2,2,0.7890625,0.7578125,0.0,0.796875,0.203125,0.47812499999999997,0.24139487230469497,0.0,0.0,0.2109375,102,0.796875,735.8000000000001,152.8,244.8,361.6,128,7,26,46,64,0.8260869565217391,0.1328125,-0.9944643161109902,0.09557574025029328,-0.0062986241840842965,,,0.2620978433413519,-0.03825184261187248,0.1381817336731497
G044-R1,44,1,104401,2026-01-15,128,flat,balanced,sparse,random_dag,long,0.75,urgency_opposed,0.75,mixed,0.25,before,mixed,homogeneous,128,128,128,128,128,98,30,39,1.0,0.0,1.0,0,0,0.0,,0,0.0234375,0.046875,0.1328125,0.25,0.296875,0.25,0.8668743490034254,0.796875,74,0.578125,0.375,0.75,0.375,0.25,14.020833333333334,8.0,9.614419689831635,12.34375,8.0,1,0.041666666666666664,0.21875,0.4791666666666667,0.0,0.8125,0.8541666666666666,32,0.25,0.5625,1.0,1.0,0.0,0.0,0.0,32,0.001968503937007874,0.234375,0.25,2,0.25,3,3,0.765625,0.7890625,0.0,0.796875,0.203125,0.47812499999999997,0.24139487230469497,0.0,0.0,0.234375,102,0.796875,735.8000000000001,113.4,263.6,349.00000000000006,128,4,21,46,63,0.782608695652174,0.1484375,-0.995620662803701,0.06485510329181603,-0.04487652428005385,,,-0.019637385770920716,0.008076606470596865,-0.051554097772907787
G045-R0,45,0,104500,2026-01-15,32,flat,balanced,heavy,fan_out,bimodal,0.0,none,0.25,urgent,0.5,before,early,mixed,32,32,32,32,32,8,24,5,1.0,0.0,1.0,0,0,0.0,,0,0.28125,0.15625,0.0625,0.0625,0.15625,0.28125,0.9154154678747722,0.5,0,0.0,0.125,0.25,0.125,0.75,1.5,1.0,0.8660254037844386,1.625,1.5,0,0.5,1.0,1.0,0.0,0.5,0.75,8,0.25,0.5,1.0,1.0,0.0,0.0,0.0,24,0.024193548387096774,0.75,0.75,1,0.75,24,1,0.25,0.96875,0.0,0.4375,0.5625,0.06875,0.08727650027355588,0.0,0.0,0.75,14,0.4375,297.40000000000003,82.2,82.2,82.2,32,4,8,8,8,0.625,0.25,,,-0.26258206972218656,,,-0.06537204504606134,,-0.28109979369806376
G045-R1,45,1,104501,2026-01-15,32,flat,balanced,heavy,fan_out,bimodal,0.0,none,0.25,urgent,0.5,before,early,mixed,32,32,32,32,32,8,24,6,1.0,0.0,1.0,0,0,0.0,,0,0.28125,0.15625,0.0625,0.0625,0.15625,0.28125,0.9154154678747722,0.5,0,0.0,0.125,0.25,0.125,0.75,2,1.5,1.224744871391589,1.75,1.5,0,0.5,0.875,1.0,0.0,0.375,0.75,8,0.25,0.375,1.0,1.0,0.0,0.0,0.0,24,0.024193548387096774,0.75,0.75,1,0.75,24,1,0.25,0.96875,0.0,0.3125,0.6875,0.065625,0.10034121473751452,0.0,0.0,0.75,10,0.3125,299.40000000000003,68.80000000000001,76.80000000000001,76.80000000000001,32,4,7,8,8,0.625,0.25,,,0.5437924854475782,,,-0.06495698024616309,,0.4872218408972128
G046-R0,46,0,104600,2026-01-15,64,deep,narrow,sparse,fan_out,balanced,0.25,duration_opposed,1.0,compressed,1.0,same,fresh,homogeneous,64,64,64,44,44,33,11,10,0.0625,0.3125,1.0,8.0625,12,4.160359810160655,3,3,0.11363636363636363,0.25,0.2727272727272727,0.18181818181818182,0.13636363636363635,0.045454545454545456,0.9321594510385895,0.36363636363636365,8,0.18181818181818182,0.5,1.0,0.5,0.0,4.454545454545454,3.0,1.827250112931071,4,3.0,1,0.11363636363636363,0.5681818181818182,0.8863636363636364,0.0,0.8181818181818181,0.8636363636363636,44,1.0,0.8181818181818181,1.0,0.0,0.0,1.0,0.0,11,0.005813953488372093,0.25,0.25,1,0.25,11,1,0.75,0.9772727272727273,0.0,0.0,1.0,0.0,0.0,0.0,0.0,0.25,0,0.0,283.0,127.0,219.0,283.0,44,5,25,39,44,0.3333333333333333,0.8863636363636364,-0.4578645580762859,0.8660254037844386,-0.2033145524834831,0.09551200882020729,0.2170940138014887,-0.15356769641983484,,
G046-R1,46,1,104601,2026-01-15,64,deep,narrow,sparse,fan_out,balanced,0.25,duration_opposed,1.0,compressed,1.0,same,fresh,homogeneous,64,64,64,44,44,33,11,9,0.0625,0.3125,1.0,8.0625,12,4.160359810160655,3,3,0.11363636363636363,0.1590909090909091,0.2727272727272727,0.18181818181818182,0.18181818181818182,0.09090909090909091,0.9665545196662124,0.4545454545454546,8,0.18181818181818182,0.5,1.0,0.5,0.0,4.318181818181818,3.0,1.892241663318059,4.0227272727272725,3.0,1,0.022727272727272728,0.5681818181818182,0.8863636363636364,0.0,0.8181818181818181,0.9090909090909091,44,1.0,0.8181818181818181,1.0,0.0,0.0,1.0,0.0,11,0.005813953488372093,0.25,0.25,1,0.25,11,1,0.75,0.9772727272727273,0.0,0.0,1.0,0.0,0.0,0.0,0.0,0.25,0,0.0,355.0,209.0,336.0,355.0,44,1,25,39,44,0.48717948717948717,0.8863636363636364,0.4341880276029774,0.9128709291752769,0.0062581299209577244,0.02878197989826109,0.1718600156490827,-0.21811585081803656,,
G047-R0,47,0,104700,2026-01-15,32,flat,balanced,moderate,chain,short,0.75,urgency_opposed,0.5,relaxed,0.5,mixed,advanced,homogeneous,32,32,32,32,32,16,16,67,1.0,0.0,1.0,0,0,0.0,,0,0.40625,0.34375,0.15625,0.0625,0.03125,0.0,0.7281403425571386,0.09375,12,0.375,0.25,0.5,0.25,0.5,38,31.0,16.522711641858304,37.0625,31.0,18,0.0,0.0,0.0,0.0,0.25,0.875,16,0.5,0.1875,0.5625,0.2222222222222222,0.4444444444444444,0.3333333333333333,0.0,16,0.016129032258064516,0.5,0.5,1,0.5,1,16,0.5,0.5,0.0,0.09375,0.90625,0.07500000000000001,0.2331844763272204,0.0,0.0,0.5,3,0.09375,61.4,0,0,0,32,0,0,0,0,0.0,0.21875,-0.8660254037844387,0.4055224466919623,0.1911538681689681,,,0.32998297240717295,0.19432508268938872,0.25316981551838724
G047-R1,47,1,104701,2026-01-15,32,flat,balanced,moderate,chain,short,0.75,urgency_opposed,0.5,relaxed,0.5,mixed,advanced,homogeneous,32,32,32,32,32,16,16,71,1.0,0.0,1.0,0,0,0.0,,0,0.40625,0.34375,0.15625,0.0625,0.03125,0.0,0.7281403425571386,0.09375,12,0.375,0.25,0.5,0.25,0.5,39.625,38.0,18.64093278245485,37.5625,36.0,14,0.0,0.0,0.0,0.0,0.125,0.875,16,0.5,0.375,0.375,0.16666666666666666,0.5,0.3333333333333333,0.0,16,0.016129032258064516,0.5,0.5,1,0.5,1,16,0.5,0.5,0.0,0.09375,0.90625,0.07500000000000001,0.2331844763272204,0.0,0.0,0.5,3,0.09375,61.4,0,0,3.1999999999999993,32,0,0,0,1,0.0,0.3125,-1.0,-0.18096336663759668,-0.09573767586872645,,,-0.3812804512992033,0.131013944022344,0.14369748623974749
G048-R0,48,0,104800,2026-01-15,32,deep,narrow,none,none,uniform,0.75,random,0.0,mixed,1.0,mixed,advanced,mixed,32,32,28,18,18,18,0,10,0.0625,0.3125,1.0,4.875,8,2.7128168017763383,3,3,0.2222222222222222,0.16666666666666666,0.16666666666666666,0.16666666666666666,0.16666666666666666,0.1111111111111111,0.9894641713470741,0.4444444444444444,14,0.7777777777777778,0.0,0.0,0.0,1.0,,,,,,,0.0,0.0,0.0,0.0,0.0,0.0,18,1.0,0.7777777777777778,0.0,,,,0.0,0,0.0,0.0,0.0,0,0.0,0,0,1.0,1.0,0.18181818181818182,0.36363636363636365,0.45454545454545453,0.4636363636363636,0.4343704478327378,0.0,0.0,0.0,11,0.5,50.8,0,0,0,18,0,0,0,0,0.0,1.0,,0.11582325936750673,,-0.010812637029079463,-0.3210215567480557,,0.19317928801565998,
G048-R1,48,1,104801,2026-01-15,32,deep,narrow,none,none,uniform,0.75,random,0.0,mixed,1.0,mixed,advanced,mixed,32,32,29,19,19,19,0,10,0.0625,0.3125,1.0,4.875,8,2.7128168017763383,3,3,0.2631578947368421,0.15789473684210525,0.15789473684210525,0.05263157894736842,0.15789473684210525,0.21052631578947367,0.9536190413315974,0.42105263157894735,14,0.7368421052631579,0.0,0.0,0.0,1.0,,,,,,,0.0,0.0,0.0,0.0,0.0,0.0,19,1.0,0.7894736842105263,0.0,,,,0.0,0,0.0,0.0,0.0,0,0.0,0,0,1.0,1.0,0.13636363636363635,0.36363636363636365,0.5,0.41363636363636364,0.4256497221312534,0.0,0.0,0.0,9,0.4090909090909091,59.8,0,0,0,19,0,0,0,0,0.0,1.0,,-0.4121687578548114,,0.3596829686253463,-0.049286405809014416,,-0.3827881222383298,
G049-R0,49,0,104900,2026-01-15,256,shallow,narrow,sparse,chain,uniform,1.0,duration_aligned,0.5,overdue_mixed,0.5,before,advanced,mixed,256,256,230,153,153,109,44,30,0.32421875,0.30078125,1.0,1.15234375,2,0.8818007892012444,2.2467532467532467,3,0.1568627450980392,0.16339869281045752,0.16993464052287582,0.17647058823529413,0.17647058823529413,0.1568627450980392,0.9993201371753115,0.5098039215686274,109,0.7124183006535948,0.2549019607843137,0.48366013071895425,0.2549019607843137,0.5163398692810458,6.384615384615385,7,0.9230769230769231,-1.6216216216216217,-2.0,-14,0.02702702702702703,0.1891891891891892,0.3108108108108108,0.5405405405405406,0.7702702702702703,0.7692307692307692,74,0.48366013071895425,0.7702702702702703,1.0,1.0,0.0,0.0,0.0,45,0.0014123407193522065,0.2875816993464052,0.25139664804469275,1,0.25139664804469275,1,45,0.7486033519553073,0.7486033519553073,0.1452513966480447,0.4022346368715084,0.45251396648044695,0.4564245810055866,0.4272826425242173,0.0,0.0,0.2875816993464052,86,0.48044692737430167,526.0,214.8,250.0,280.0,153,42,54,63,74,0.5396825396825397,0.48366013071895425,0.08826324911058608,-0.9849977432286372,-0.09214891235692166,0.23057000769618113,-0.295105072782528,-0.03117006586102516,-0.7853408262649022,-0.16176098540916692
G049-R1,49,1,104901,2026-01-15,256,shallow,narrow,sparse,chain,uniform,1.0,duration_aligned,0.5,overdue_mixed,0.5,before,advanced,mixed,256,256,226,149,149,104,45,30,0.25390625,0.30078125,1.0,1.28125,2,0.8425917976695477,2.4805194805194803,3,0.1610738255033557,0.1610738255033557,0.16778523489932887,0.20134228187919462,0.174496644295302,0.1342281879194631,0.9960156230770634,0.5100671140939597,104,0.697986577181208,0.2214765100671141,0.4899328859060403,0.2214765100671141,0.5100671140939598,6.212121212121212,7,0.9772433634301272,-0.821917808219178,1,-14,0.0547945205479452,0.273972602739726,0.4383561643835616,0.4520547945205479,0.7671232876712328,0.7272727272727273,73,0.4899328859060403,0.7671232876712328,1.0,1.0,0.0,0.0,0.0,45,0.0014123407193522065,0.30201342281879195,0.25139664804469275,1,0.25139664804469275,1,45,0.7486033519553073,0.7486033519553073,0.16759776536312848,0.4134078212290503,0.41899441340782123,0.48268156424581005,0.423448946545524,0.0,0.0,0.30201342281879195,88,0.49162011173184356,467.2,168.4,199.6,220.4,149,37,53,65,73,0.46153846153846156,0.4899328859060403,0.027314282237025186,-0.9857135899134287,-0.013280581486145101,0.04644066673472351,-0.08413270144216499,0.11755480324814487,-0.7748054235936024,0.07440295261924831
G050-R0,50,0,105000,2026-01-15,16,medium,broad,moderate,chain,bimodal,0.75,urgency_aligned,0.5,urgent,0.25,after,completion_heavy,homogeneous,16,16,7,0,0,0,0,,0.0625,0.4375,0.0,1.75,4,0.9682458365518543,2.142857142857143,6,0.0,0.0,0.0,0.0,0.0,0.0,,0.0,0,0.0,0.0,0.0,0.0,0.0,,,,,,,0.0,0.0,0.0,0.0,0.0,0.0,0,0.0,0.0,0.0,,,,0.0,4,0.05555555555555555,0.0,0.4444444444444444,1,0.4444444444444444,1,4,0.5555555555555556,0.5555555555555556,1.0,0.0,0.0,1.0,0.0,0.0,0.0,0.0,4,0.4444444444444444,0,0,0,0,0,0,0,0,0,0.0,0.0,,,,,,-0.5773502691896258,,
G050-R1,50,1,105001,2026-01-15,16,medium,broad,moderate,chain,bimodal,0.75,urgency_aligned,0.5,urgent,0.25,after,completion_heavy,homogeneous,16,16,7,0,0,0,0,,0.0625,0.4375,0.0,1.6875,4,0.9164298936634487,2.142857142857143,6,0.0,0.0,0.0,0.0,0.0,0.0,,0.0,0,0.0,0.0,0.0,0.0,0.0,,,,,,,0.0,0.0,0.0,0.0,0.0,0.0,0,0.0,0.0,0.0,,,,0.0,4,0.05555555555555555,0.0,0.4444444444444444,1,0.4444444444444444,1,4,0.5555555555555556,0.5555555555555556,1.0,0.0,0.0,1.0,0.0,0.0,0.0,0.0,5,0.5555555555555556,0,0,0,0,0,0,0,0,0,0.0,0.0,,,,,,0.2581988897471611,,
G051-R0,51,0,105100,2026-01-15,64,flat,balanced,moderate,layered,short,0.75,urgency_opposed,0.5,compressed,0.5,same,mixed,mixed,64,64,56,56,56,29,27,10,1.0,0.0,1.0,0,0,0.0,,0,0.4107142857142857,0.30357142857142855,0.16071428571428573,0.07142857142857142,0.03571428571428571,0.017857142857142856,0.781675869158852,0.125,22,0.39285714285714285,0.26785714285714285,0.5535714285714286,0.26785714285714285,0.44642857142857145,4.6,4,1.8547236990991407,4.161290322580645,4,1,0.03225806451612903,0.45161290322580644,0.9032258064516129,0.0,0.7419354838709677,0.8,31,0.5535714285714286,0.7419354838709677,1.0,0.0,0.0,1.0,0.0,32,0.007936507936507936,0.48214285714285715,0.5,1,0.5,1,3,0.5,0.5,0.125,0.078125,0.796875,0.159375,0.3431102000451167,0.0,0.0,0.48214285714285715,5,0.078125,155.4,48.2,84.2,108.4,56,1,14,28,31,0.21428571428571427,0.5,-0.9763691429457935,0.005338210687878445,-0.020669250432857878,,,0.0953022672501606,-0.23005237346961097,-0.04956083542866911
G051-R1,51,1,105101,2026-01-15,64,flat,balanced,moderate,layered,short,0.75,urgency_opposed,0.5,compressed,0.5,same,mixed,mixed,64,64,61,61,61,29,32,10,1.0,0.0,1.0,0,0,0.0,,0,0.3770491803278688,0.36065573770491804,0.14754098360655737,0.06557377049180328,0.03278688524590164,0.01639344262295082,0.7679740538788602,0.11475409836065574,22,0.36065573770491804,0.2459016393442623,0.5081967213114754,0.2459016393442623,0.4918032786885246,4.533333333333333,3,1.9618585292749549,4.193548387096774,3,1,0.06451612903225806,0.5161290322580645,0.8064516129032258,0.0,0.7741935483870968,0.8,31,0.5081967213114754,0.7741935483870968,1.0,0.0,0.0,1.0,0.0,32,0.007936507936507936,0.5245901639344263,0.5,1,0.5,1,3,0.5,0.5,0.046875,0.078125,0.875,0.078125,0.23615987037386346,0.0,0.0,0.5245901639344263,5,0.078125,167.0,53.4,75.4,88.4,61,2,16,25,31,0.12,0.4098360655737705,-0.9660917830792959,0.09117895656723746,-0.061340068142017326,,,-0.27372918196122,-0.1203858530857692,-0.06655857615628821
G052-R0,52,0,105200,2026-01-15,32,deep,narrow,heavy,fan_out,balanced,0.75,duration_aligned,1.0,compressed,0.75,mixed,early,mixed,32,32,32,22,22,6,16,11,0.0625,0.3125,1.0,4.875,8,2.7128168017763383,3,3,0.13636363636363635,0.18181818181818182,0.3181818181818182,0.18181818181818182,0.13636363636363635,0.045454545454545456,0.931018185801348,0.36363636363636365,4,0.18181818181818182,0.5,1.0,0.5,0.0,4.363636363636363,3,1.8719327529067273,3.8181818181818183,3.5,1,0.13636363636363635,0.5,0.9090909090909091,0.0,0.6818181818181819,0.7272727272727273,16,0.7272727272727273,0.375,1.0,0.375,0.3125,0.3125,0.0,16,0.03463203463203463,0.7272727272727273,0.7272727272727273,1,0.7272727272727273,16,1,0.2727272727272727,0.9545454545454546,0.0,0.22727272727272727,0.7727272727272727,0.045454545454545456,0.08778730870830893,0.0,0.0,0.7272727272727273,5,0.22727272727272727,130.2,83.2,110.2,130.2,22,3,11,20,22,0.35,0.6363636363636364,0.4,-0.9486832980505138,0.3532755669694496,0.05012403020789874,,0.0488726409338306,,0.18200958766924927
G052-R1,52,1,105201,2026-01-15,32,deep,narrow,heavy,fan_out,balanced,0.75,duration_aligned,1.0,compressed,0.75,mixed,early,mixed,32,32,32,22,22,6,16,9,0.0625,0.3125,1.0,4.875,8,2.7128168017763383,3,3,0.045454545454545456,0.13636363636363635,0.2727272727272727,0.2727272727272727,0.13636363636363635,0.13636363636363635,0.9288561523908084,0.5454545454545454,4,0.18181818181818182,0.5,1.0,0.5,0.0,4.2727272727272725,3,1.7104443383842527,3.8181818181818183,3.0,1,0.045454545454545456,0.5454545454545454,0.9545454545454546,0.0,0.6363636363636364,0.8181818181818181,16,0.7272727272727273,0.4375,1.0,0.375,0.3125,0.3125,0.0,16,0.03463203463203463,0.7272727272727273,0.7272727272727273,1,0.7272727272727273,16,1,0.2727272727272727,0.9545454545454546,0.0,0.4090909090909091,0.5909090909090909,0.08636363636363636,0.1078528228882243,0.0,0.0,0.7272727272727273,9,0.4090909090909091,176.20000000000002,62.6,163.4,176.20000000000002,22,1,12,21,22,0.5238095238095238,0.6818181818181818,-0.2581988897471611,-0.8944271909999159,-0.4382170325255358,0.03269630879509379,0.7745966692414834,0.041755332724275986,-0.9486832980505138,-0.2606680027917313
G053-R0,53,0,105300,2026-01-15,128,shallow,balanced,sparse,chain,short,0.5,duration_aligned,0.75,urgent,0.75,same,fresh,homogeneous,128,128,128,97,97,73,24,5,0.0546875,0.2421875,1.0,1.6953125,2,0.5667698186598771,3.903225806451613,4,0.3917525773195876,0.3711340206185567,0.12371134020618557,0.07216494845360824,0.030927835051546393,0.010309278350515464,0.7466940286404421,0.1134020618556701,36,0.3711340206185567,0.38144329896907214,0.7525773195876289,0.38144329896907214,0.24742268041237114,1.837837837837838,2,0.9447869347539749,1.7397260273972603,2,0,0.4657534246575342,0.9452054794520548,1.0,0.0,0.9315068493150684,0.9459459459459459,73,0.7525773195876289,0.9315068493150684,1.0,0.0,0.0,1.0,0.0,24,0.002577319587628866,0.24742268041237114,0.24742268041237114,1,0.24742268041237114,1,24,0.7525773195876289,0.7525773195876289,0.0,0.0,1.0,0.0,0.0,0.0,0.0,0.24742268041237114,0,0.0,286.0,202.0,209.0,209.0,97,34,69,73,73,0.1095890410958904,0.7525773195876289,0.1304576955805248,-0.5445411798249022,0.1030893026023782,-0.029034578755709212,,-0.07127056968787707,,
G053-R1,53,1,105301,2026-01-15,128,shallow,balanced,sparse,chain,short,0.5,duration_aligned,0.75,urgent,0.75,same,fresh,homogeneous,128,128,128,97,97,73,24,5,0.0546875,0.2421875,1.0,1.6953125,2,0.5667698186598771,3.903225806451613,4,0.3917525773195876,0.32989690721649484,0.17525773195876287,0.061855670103092786,0.030927835051546393,0.010309278350515464,0.7618159501715969,0.10309278350515465,36,0.3711340206185567,0.38144329896907214,0.7525773195876289,0.38144329896907214,0.24742268041237114,1.945945945945946,2,1.011980823072922,1.8767123287671232,2,0,0.4657534246575342,0.8904109589041096,1.0,0.0,0.9315068493150684,0.9459459459459459,73,0.7525773195876289,0.9315068493150684,1.0,0.0,0.0,1.0,0.0,24,0.002577319587628866,0.24742268041237114,0.24742268041237114,1,0.24742268041237114,1,24,0.7525773195876289,0.7525773195876289,0.0,0.0,1.0,0.0,0.0,0.0,0.0,0.24742268041237114,0,0.0,290.0,212.0,229.0,229.0,97,34,65,73,73,0.1095890410958904,0.7525773195876289,0.29748134196572645,-0.6857625465642391,-0.12358907324571831,0.11344589946550696,,-0.1454972824447004,,
G054-R0,54,0,105400,2026-01-15,256,flat,balanced,sparse,layered,uniform,0.75,urgency_aligned,0.5,urgent,1.0,before,completion_heavy,mixed,256,256,83,83,83,54,29,6,1.0,0.0,1.0,0,0,0.0,,0,0.1566265060240964,0.1686746987951807,0.1566265060240964,0.1566265060240964,0.14457831325301204,0.21686746987951808,0.994770809421694,0.5180722891566265,40,0.4819277108433735,0.26506024096385544,0.5301204819277109,0.26506024096385544,0.46987951807228917,2.090909090909091,2.0,0.8479435502808014,1.9090909090909092,2.0,0,0.3409090909090909,0.9318181818181818,1.0,0.0,0.8863636363636364,0.9090909090909091,44,0.5301204819277109,0.8863636363636364,1.0,1.0,0.0,0.0,0.0,64,0.000980392156862745,0.3493975903614458,0.25,1,0.25,1,3,0.75,0.75,0.67578125,0.13671875,0.1875,0.78515625,0.3831591224099167,0.0,0.0,0.3493975903614458,119,0.46484375,360.2,194.0,218.79999999999998,218.79999999999998,83,15,41,44,44,0.5681818181818182,0.5301204819277109,0.9439415453435881,-0.060082553739440325,0.09479254427290833,,,0.06556144928912318,0.008706604036806448,-0.05110626275302132
G054-R1,54,1,105401,2026-01-15,256,flat,balanced,sparse,layered,uniform,0.75,urgency_aligned,0.5,urgent,1.0,before,completion_heavy,mixed,256,256,92,92,92,65,27,6,1.0,0.0,1.0,0,0,0.0,,0,0.16304347826086957,0.20652173913043478,0.13043478260869565,0.17391304347826086,0.20652173913043478,0.11956521739130435,0.9884501210408482,0.5,49,0.532608695652174,0.25,0.4782608695652174,0.25,0.5217391304347826,2.3043478260869565,2,1.0808524256222656,2.2045454545454546,2.0,0,0.2727272727272727,0.9090909090909091,1.0,0.0,0.8863636363636364,0.9565217391304348,44,0.4782608695652174,0.8863636363636364,1.0,1.0,0.0,0.0,0.0,64,0.000980392156862745,0.29347826086956524,0.25,1,0.25,1,3,0.75,0.75,0.640625,0.125,0.234375,0.740625,0.4148488994501492,0.0,0.0,0.29347826086956524,113,0.44140625,419.4,188.6,199.6,199.6,92,12,40,44,44,0.5681818181818182,0.4782608695652174,0.9521471654103322,0.04319365783477728,-0.06609177017977737,,,-0.11511703887949087,0.07505553499465135,0.2019623176512263
G055-R0,55,0,105500,2026-01-15,128,medium,narrow,heavy,fan_in,bimodal,1.0,duration_opposed,0.25,relaxed,0.75,same,completion_heavy,homogeneous,128,128,39,0,0,0,0,,0.2890625,0.3046875,0.0,4.21875,7,3.002440413646872,2.3333333333333335,3,0.0,0.0,0.0,0.0,0.0,0.0,,0.0,0,0.0,0.0,0.0,0.0,0.0,,,,,,,0.0,0.0,0.0,0.0,0.0,0.0,0,0.0,0.0,0.0,,,,0.0,67,0.00855464759959142,0.0,0.7528089887640449,67,0.7528089887640449,1,1,0.9887640449438202,0.24719101123595505,1.0,0.0,0.0,1.0,0.0,0.0,0.0,0.0,47,0.5280898876404494,0,0,0,0,0,0,0,0,0,0.0,0.0,,,,,,,,
G055-R1,55,1,105501,2026-01-15,128,medium,narrow,heavy,fan_in,bimodal,1.0,duration_opposed,0.25,relaxed,0.75,same,completion_heavy,homogeneous,128,128,39,0,0,0,0,,0.3515625,0.3046875,0.0,3.7421875,7,3.0624900350603186,2.128205128205128,3,0.0,0.0,0.0,0.0,0.0,0.0,,0.0,0,0.0,0.0,0.0,0.0,0.0,,,,,,,0.0,0.0,0.0,0.0,0.0,0.0,0,0.0,0.0,0.0,,,,0.0,67,0.00855464759959142,0.0,0.7528089887640449,67,0.7528089887640449,1,1,0.9887640449438202,0.24719101123595505,1.0,0.0,0.0,1.0,0.0,0.0,0.0,0.0,41,0.4606741573033708,0,0,0,0,0,0,0,0,0,0.0,0.0,,,,,,,,
G056-R0,56,0,105600,2026-01-15,64,deep,broad,sparse,layered,short,0.5,duration_aligned,0.75,relaxed,0.25,mixed,fresh,mixed,64,64,64,38,38,28,10,70,0.015625,0.40625,1.0,2.8125,12,2.3774658252012792,2.423076923076923,8,0.39473684210526316,0.39473684210526316,0.13157894736842105,0.05263157894736842,0.02631578947368421,0.0,0.6984208734477153,0.07894736842105263,14,0.3684210526315789,0.3684210526315789,0.7368421052631579,0.3684210526315789,0.2631578947368421,37.92857142857143,33.0,19.11418428330978,36.82142857142857,31.5,15,0.0,0.0,0.0,0.0,0.1428571428571429,0.9285714285714286,10,0.2631578947368421,0.0,0.8,0.5,0.25,0.25,0.0,10,0.007112375533428165,0.2631578947368421,0.2631578947368421,1,0.2631578947368421,1,3,0.7368421052631579,0.7368421052631579,0.0,0.0,1.0,0.0,0.0,0.0,0.0,0.2631578947368421,0,0.0,97.0,0,0,0,38,0,0,0,0,0.0,0.05263157894736842,0.03647433262080387,-0.4472135954999579,0.04236787786361099,-0.190833857672713,0.10141851056742199,-0.15575242107756893,,
G056-R1,56,1,105601,2026-01-15,64,deep,broad,sparse,layered,short,0.5,duration_aligned,0.75,relaxed,0.25,mixed,fresh,mixed,64,64,64,38,38,28,10,73,0.015625,0.40625,1.0,2.8125,12,2.3774658252012792,2.423076923076923,8,0.3684210526315789,0.39473684210526316,0.13157894736842105,0.07894736842105263,0.0,0.02631578947368421,0.7243349470505106,0.10526315789473684,14,0.3684210526315789,0.3684210526315789,0.7368421052631579,0.3684210526315789,0.2631578947368421,39.142857142857146,33.0,18.745883901947813,37.964285714285715,33.0,15,0.0,0.0,0.0,0.0,0.2142857142857143,0.9285714285714286,10,0.2631578947368421,0.09999999999999998,0.7,0.42857142857142855,0.2857142857142857,0.2857142857142857,0.0,10,0.007112375533428165,0.2631578947368421,0.2631578947368421,1,0.2631578947368421,1,3,0.7368421052631579,0.7368421052631579,0.0,0.0,1.0,0.0,0.0,0.0,0.0,0.2631578947368421,0,0.0,112.0,0,0,0,38,0,0,0,0,0.0,0.07894736842105263,0.03576344511224742,-0.6076436202502,-0.04313972419010635,-0.0005741347454864511,0.557773351022717,-0.20461880467337037,,
G057-R0,57,0,105700,2026-01-15,32,medium,narrow,sparse,random_dag,uniform,0.0,none,0.0,urgent,0.0,none,advanced,homogeneous,32,32,32,22,22,18,4,,0.25,0.3125,1.0,2.75,5,2.0155644370746373,2.4,3,0.18181818181818182,0.13636363636363635,0.18181818181818182,0.22727272727272727,0.13636363636363635,0.13636363636363635,0.9888167467420675,0.5,0,0.0,0.0,0.0,0.0,1.0,,,,,,,0.0,0.0,0.0,0.0,0.0,0.0,0,0.0,0.0,0.0,,,,0.0,6,0.012987012987012988,0.18181818181818182,0.2727272727272727,2,0.2727272727272727,2,1,0.8181818181818182,0.7727272727272727,0.0,0.5,0.5,0.4,0.4,0.0,0.0,0.18181818181818182,11,0.5,57.99999999999999,0,0,0,22,0,0,0,0,0.0,0.0,,,,-0.030957648267898263,,,,
G057-R1,57,1,105701,2026-01-15,32,medium,narrow,sparse,random_dag,uniform,0.0,none,0.0,urgent,0.0,none,advanced,homogeneous,32,32,32,22,22,17,5,,0.0625,0.3125,1.0,3.65625,5,1.6318964236433635,3,3,0.22727272727272727,0.18181818181818182,0.13636363636363635,0.13636363636363635,0.13636363636363635,0.18181818181818182,0.9888167467420675,0.45454545454545453,0,0.0,0.0,0.0,0.0,1.0,,,,,,,0.0,0.0,0.0,0.0,0.0,0.0,0,0.0,0.0,0.0,,,,0.0,6,0.012987012987012988,0.22727272727272727,0.2727272727272727,2,0.2727272727272727,3,1,0.7727272727272727,0.8181818181818182,0.0,0.45454545454545453,0.5454545454545454,0.36363636363636365,0.39834367818557537,0.0,0.0,0.22727272727272727,10,0.45454545454545453,58.599999999999994,0,0,0,22,0,0,0,0,0.0,0.0,,,,0.23619245891801594,,,,
