seed,probe,temporal_release_fraction,temporal_deadline_fraction,temporal_both_fraction,temporal_unconstrained_fraction,expired_anchor_history_fraction,lifecycle_residual_fraction,lifecycle_decomposed_parent_fraction,hierarchy_frontier_fraction,item_count_actionable,item_count_frontier
20000,baseline,0.3508771929824561,0.7368421052631579,0.3508771929824561,0.2631578947368421,0.0,0.0,0.0,1.0,57,57
20000,release_only,0.3508771929824561,0.5614035087719298,0.17543859649122806,0.2631578947368421,0.0,0.0,0.0,1.0,57,57
20000,expired_anchor_history,0.3508771929824561,0.7368421052631579,0.3508771929824561,0.2631578947368421,0.24561403508771928,0.0,0.0,1.0,57,57
20000,actionable_parents,0.3508771929824561,0.7368421052631579,0.3508771929824561,0.2631578947368421,0.0,0.0,0.3333333333333333,0.6404494382022472,89,57
20000,combined,0.3508771929824561,0.5614035087719298,0.17543859649122806,0.2631578947368421,0.22807017543859648,0.0,0.3333333333333333,0.6404494382022472,89,57
20001,baseline,0.39655172413793105,0.7413793103448276,0.39655172413793105,0.25862068965517243,0.0,0.0,0.0,1.0,58,58
20001,release_only,0.39655172413793105,0.5344827586206896,0.1896551724137931,0.25862068965517243,0.0,0.0,0.0,1.0,58,58
20001,expired_anchor_history,0.39655172413793105,0.7413793103448276,0.39655172413793105,0.25862068965517243,0.27586206896551724,0.0,0.0,1.0,58,58
20001,actionable_parents,0.3898305084745763,0.7288135593220338,0.3898305084745763,0.2711864406779661,0.0,0.010416666666666666,0.3333333333333333,0.6555555555555556,90,59
20001,combined,0.3898305084745763,0.5254237288135594,0.1864406779661017,0.2711864406779661,0.22033898305084745,0.010416666666666666,0.3333333333333333,0.6555555555555556,90,59
20002,baseline,0.39344262295081966,0.7868852459016393,0.39344262295081966,0.21311475409836064,0.0,0.0,0.0,1.0,61,61
20002,release_only,0.39344262295081966,0.5901639344262295,0.19672131147540983,0.21311475409836064,0.0,0.0,0.0,1.0,61,61
20002,expired_anchor_history,0.39344262295081966,0.7868852459016393,0.39344262295081966,0.21311475409836064,0.2459016393442623,0.0,0.0,1.0,61,61
20002,actionable_parents,0.39344262295081966,0.7868852459016393,0.39344262295081966,0.21311475409836064,0.0,0.0,0.3333333333333333,0.6559139784946236,93,61
20002,combined,0.39344262295081966,0.5901639344262295,0.19672131147540983,0.21311475409836064,0.18032786885245902,0.0,0.3333333333333333,0.6559139784946236,93,61
20003,baseline,0.3584905660377358,0.7547169811320755,0.3584905660377358,0.24528301886792453,0.0,0.0,0.0,1.0,53,53
20003,release_only,0.3584905660377358,0.5849056603773585,0.18867924528301888,0.24528301886792453,0.0,0.0,0.0,1.0,53,53
20003,expired_anchor_history,0.3584905660377358,0.7547169811320755,0.3584905660377358,0.24528301886792453,0.24528301886792453,0.0,0.0,1.0,53,53
20003,actionable_parents,0.34545454545454546,0.7272727272727273,0.34545454545454546,0.2727272727272727,0.0,0.020833333333333332,0.3333333333333333,0.6470588235294118,85,55
20003,combined,0.34545454545454546,0.5636363636363636,0.18181818181818182,0.2727272727272727,0.18181818181818182,0.020833333333333332,0.3333333333333333,0.6470588235294118,85,55
20004,baseline,0.36363636363636365,0.7636363636363637,0.36363636363636365,0.23636363636363636,0.0,0.0,0.0,1.0,55,55
20004,release_only,0.36363636363636365,0.5636363636363636,0.16363636363636364,0.23636363636363636,0.0,0.0,0.0,1.0,55,55
20004,expired_anchor_history,0.36363636363636365,0.7636363636363637,0.36363636363636365,0.23636363636363636,0.2545454545454545,0.0,0.0,1.0,55,55
20004,actionable_parents,0.36363636363636365,0.7636363636363637,0.36363636363636365,0.23636363636363636,0.0,0.0,0.3333333333333333,0.632183908045977,87,55
20004,combined,0.36363636363636365,0.5636363636363636,0.16363636363636364,0.23636363636363636,0.21818181818181817,0.0,0.3333333333333333,0.632183908045977,87,55
20005,baseline,0.3684210526315789,0.7368421052631579,0.3684210526315789,0.2631578947368421,0.0,0.0,0.0,1.0,57,57
20005,release_only,0.3684210526315789,0.5614035087719298,0.19298245614035087,0.2631578947368421,0.0,0.0,0.0,1.0,57,57
20005,expired_anchor_history,0.3684210526315789,0.7368421052631579,0.3684210526315789,0.2631578947368421,0.21052631578947367,0.0,0.0,1.0,57,57
20005,actionable_parents,0.3684210526315789,0.7368421052631579,0.3684210526315789,0.2631578947368421,0.0,0.0,0.3333333333333333,0.6404494382022472,89,57
20005,combined,0.3684210526315789,0.5614035087719298,0.19298245614035087,0.2631578947368421,0.19298245614035087,0.0,0.3333333333333333,0.6404494382022472,89,57
20006,baseline,0.3333333333333333,0.7192982456140351,0.3333333333333333,0.2807017543859649,0.0,0.0,0.0,1.0,57,57
20006,release_only,0.3333333333333333,0.5789473684210527,0.19298245614035087,0.2807017543859649,0.0,0.0,0.0,1.0,57,57
20006,expired_anchor_history,0.3333333333333333,0.7192982456140351,0.3333333333333333,0.2807017543859649,0.24561403508771928,0.0,0.0,1.0,57,57
20006,actionable_parents,0.3275862068965517,0.7068965517241379,0.3275862068965517,0.29310344827586204,0.0,0.010416666666666666,0.3333333333333333,0.651685393258427,89,58
20006,combined,0.3275862068965517,0.5689655172413793,0.1896551724137931,0.29310344827586204,0.2413793103448276,0.010416666666666666,0.3333333333333333,0.651685393258427,89,58
20007,baseline,0.36507936507936506,0.746031746031746,0.36507936507936506,0.25396825396825395,0.0,0.0,0.0,1.0,63,63
20007,release_only,0.36507936507936506,0.5555555555555556,0.1746031746031746,0.25396825396825395,0.0,0.0,0.0,1.0,63,63
20007,expired_anchor_history,0.36507936507936506,0.746031746031746,0.36507936507936506,0.25396825396825395,0.25396825396825395,0.0,0.0,1.0,63,63
20007,actionable_parents,0.36507936507936506,0.746031746031746,0.36507936507936506,0.25396825396825395,0.0,0.0,0.3333333333333333,0.6631578947368421,95,63
20007,combined,0.36507936507936506,0.5555555555555556,0.1746031746031746,0.25396825396825395,0.20634920634920634,0.0,0.3333333333333333,0.6631578947368421,95,63
20008,baseline,0.3898305084745763,0.7288135593220338,0.3898305084745763,0.2711864406779661,0.0,0.0,0.0,1.0,59,59
20008,release_only,0.3898305084745763,0.5423728813559322,0.2033898305084746,0.2711864406779661,0.0,0.0,0.0,1.0,59,59
20008,expired_anchor_history,0.3898305084745763,0.7288135593220338,0.3898305084745763,0.2711864406779661,0.2711864406779661,0.0,0.0,1.0,59,59
20008,actionable_parents,0.3898305084745763,0.7288135593220338,0.3898305084745763,0.2711864406779661,0.0,0.0,0.3333333333333333,0.6483516483516484,91,59
20008,combined,0.3898305084745763,0.5423728813559322,0.2033898305084746,0.2711864406779661,0.1864406779661017,0.0,0.3333333333333333,0.6483516483516484,91,59
20009,baseline,0.4,0.75,0.4,0.25,0.0,0.0,0.0,1.0,60,60
20009,release_only,0.4,0.55,0.2,0.25,0.0,0.0,0.0,1.0,60,60
20009,expired_anchor_history,0.4,0.75,0.4,0.25,0.21666666666666667,0.0,0.0,1.0,60,60
20009,actionable_parents,0.4,0.75,0.4,0.25,0.0,0.0,0.3333333333333333,0.6521739130434783,92,60
20009,combined,0.4,0.55,0.2,0.25,0.16666666666666666,0.0,0.3333333333333333,0.6521739130434783,92,60
