feature,defined_count,null_count,unique_defined,minimum,maximum,mean,std,constant_when_defined
item_count_total,118,0,5,16,256,93.83050847457628,83.39677523789776,False
item_count_visible,118,0,5,16,256,93.83050847457628,83.39677523789776,False
item_count_active,118,0,38,0,256,84.20338983050847,80.47492075090837,False
item_count_actionable,118,0,50,0,256,67.08474576271186,65.66241040496153,False
item_count_frontier,118,0,49,0,256,58.79661016949152,61.74270825293748,False
item_count_executable,118,0,50,0,256,40.26271186440678,50.48802978892943,False
item_count_blocked,118,0,35,0,126,18.533898305084747,27.325000101846832,False
temporal_span_days,109,9,39,0,73,20.24770642201835,18.75146769218505,False
hierarchy_root_fraction,118,0,21,0.00390625,1.0,0.2758871822033898,0.39376873099603454,False
hierarchy_parent_fraction,118,0,15,0.0,0.5,0.2847590042372881,0.17594624276931506,False
hierarchy_frontier_fraction,118,0,29,0.0,1.0,0.8271395078310206,0.23421143641917788,False
hierarchy_mean_depth,118,0,46,0,9.01953125,2.446040783898305,2.267517402449273,False
hierarchy_max_depth,118,0,8,0,12,4.440677966101695,3.9499889999446833,False
hierarchy_depth_std,118,0,49,0.0,5.216245130056287,1.002927302140481,0.8712544019615763,False
hierarchy_mean_branching,92,26,31,1.875,9.76923076923077,2.8423403882364706,1.3760639716487852,False
hierarchy_max_branching,118,0,8,0,16,4.033898305084746,3.746031127740015,False
duration_under_20_fraction,118,0,70,0.0,0.5454545454545454,0.1842944822391293,0.14927103330782815,False
duration_under_1h_fraction,118,0,71,0.0,0.5,0.18869195095266553,0.11359254236584725,False
duration_under_4h_fraction,118,0,63,0.0,0.35294117647058826,0.14161234610361753,0.08255943306812434,False
duration_under_8h_fraction,118,0,66,0.0,0.5,0.14505260508046502,0.08946296982078188,False
duration_under_16h_fraction,118,0,69,0.0,0.5,0.14971461218538115,0.09854507259403154,False
duration_over_16h_fraction,118,0,63,0.0,0.4117647058823529,0.15673569835399567,0.11467421055134944,False
duration_entropy,114,4,97,0.3868528072345416,0.998562007757213,0.8650685540443872,0.10993203438393705,False
duration_long_fraction,118,0,81,0.0,0.875,0.45150291561984185,0.2305068787878004,False
priority_count,118,0,31,0,96,17.949152542372882,25.094684242841495,False
priority_coverage_fraction,118,0,53,0.0,1.0,0.33367296812029884,0.2940150932032564,False
temporal_release_fraction,118,0,35,0.0,1.0,0.32633755276731136,0.3454467166407633,False
temporal_deadline_fraction,118,0,36,0.0,1.0,0.3319624234364382,0.34993381978745924,False
temporal_both_fraction,118,0,27,0.0,1.0,0.16811842990069792,0.2879215763229398,False
temporal_unconstrained_fraction,118,0,37,0.0,1.0,0.47592014861220255,0.34908200646097515,False
temporal_window_mean_days,44,74,42,1,38.78947368421053,13.45532009167401,12.949706341887774,False
temporal_window_median_days,44,74,19,1.0,38,11.318181818181818,11.973498629117874,False
temporal_window_std_days,44,74,42,0.0,17.485261650887583,5.553446242023523,6.005581313797021,False
deadline_slack_mean_days,69,49,62,-3.1666666666666665,48.6,11.158886402875462,13.6293390707031,False
deadline_slack_median_days,69,49,33,-2.5,53,9.608695652173912,12.635890213478532,False
deadline_slack_min_days,69,49,15,-14,28,2.1449275362318843,9.43209962074291,False
deadline_within_1d_fraction,118,0,31,0.0,1.0,0.09923391690331385,0.1934455782518927,False
deadline_within_3d_fraction,118,0,39,0.0,1.0,0.22967227692460043,0.32657091232650004,False
deadline_within_7d_fraction,118,0,31,0.0,1.0,0.31880967543714805,0.3928875002694467,False
overdue_fraction,118,0,6,0.0,0.6666666666666666,0.0427034062541059,0.14201615073431836,False
deadline_collision_index,118,0,47,0.0,0.9069767441860466,0.2647930796700598,0.3097959781561199,False
release_collision_index,118,0,33,0.0,0.9743589743589743,0.4199408588914991,0.40999922566026303,False
anchor_count,118,0,32,0,256,21.1864406779661,40.67730578560107,False
anchor_fraction,118,0,35,0.0,1.0,0.3212930563942917,0.32944157061451307,False
anchor_collision_index,118,0,38,0.0,0.984375,0.3017733279077074,0.34424395820844106,False
anchor_with_deadline_fraction,118,0,12,0.0,1.0,0.4253301664770604,0.47301275169613965,False
anchor_before_deadline_fraction,55,63,10,0.0,1.0,0.3363724663360308,0.4271845357370055,False
anchor_after_deadline_fraction,55,63,11,0.0,1.0,0.2890013192267562,0.40189625468940593,False
anchor_deadline_same_day_fraction,55,63,14,0.0,1.0,0.374626214437213,0.4319924637283691,False
expired_anchor_history_fraction,118,0,28,0.0,0.8,0.2680702053697269,0.2870410099351263,False
dependency_edge_count,118,0,29,0,192,29,36.619204001383146,False
dependency_density,118,0,45,0.0,0.10714285714285714,0.012978243574328684,0.01953944474072617,False
dependency_blocked_fraction,118,0,53,0.0,0.875,0.3019577424517825,0.2768526142761225,False
dependency_mean_indegree,118,0,28,0.0,0.75,0.3741860486126974,0.24912442344062607,False
dependency_max_indegree,118,0,15,0,97,6.533898305084746,16.382960455234997,False
dependency_mean_outdegree,118,0,28,0.0,0.75,0.3741860486126974,0.24912442344062607,False
dependency_max_outdegree,118,0,13,0,90,5.5508474576271185,14.063173122196371,False
dependency_longest_chain,118,0,12,0,96,5.601694915254237,15.29491985590146,False
dependency_root_fraction,118,0,41,0.25,1.0,0.7157862910278113,0.256379961481729,False
dependency_sink_fraction,118,0,39,0.25,1.0,0.7155160718860412,0.24619213314780652,False
lifecycle_completed_fraction,118,0,34,0.0,1.0,0.13184521755163442,0.2554314949369573,False
lifecycle_commenced_fraction,118,0,62,0.0,0.7272727272727273,0.23562799680400384,0.21477965772078672,False
lifecycle_unstarted_fraction,118,0,67,0.0,1.0,0.6325267856443617,0.26540177968950307,False
lifecycle_mean_progress,118,0,77,0.0,1.0,0.25229409723086027,0.25883734338271314,False
lifecycle_progress_std,118,0,82,0.0,0.49619854393369833,0.22154010719506587,0.17154693105680416,False
lifecycle_residual_fraction,118,0,13,0.0,0.12745098039215685,0.010590616507733578,0.029964321013724447,False
lifecycle_decomposed_parent_fraction,118,0,18,0.0,0.5,0.1281766710329661,0.1627057010332708,False
lifecycle_blocked_fraction,118,0,53,0.0,0.875,0.3019577424517825,0.2768526142761225,False
confirmed_progress_segment_count,118,0,47,0,128,22.084745762711865,30.533553722117986,False
confirmed_progress_segment_density,118,0,66,0.0,0.7272727272727273,0.2881198214070246,0.21338215659795903,False
workload_mass_total,118,0,104,0,3443.0,402.6050847457627,573.1852189549053,False
workload_mass_due_3d,118,0,51,0,641.2,50.03050847457627,123.97561987532173,False
workload_mass_due_7d,118,0,54,0,735.4000000000001,69.36610169491526,153.27295980321225,False
workload_mass_due_14d,118,0,57,0,868.2,79.5271186440678,171.99398228584988,False
pressure_frontier_count,118,0,49,0,256,58.79661016949152,61.74270825293748,False
pressure_due_1d_count,118,0,18,0,77,3.9915254237288136,11.321567660145478,False
pressure_due_3d_count,118,0,26,0,97,7.4491525423728815,15.416036916051732,False
pressure_due_7d_count,118,0,29,0,110,10.288135593220339,19.064165379285114,False
pressure_due_14d_count,118,0,27,0,129,12.076271186440678,22.023545481767346,False
pressure_long_due_7d_fraction,118,0,36,0.0,0.8461538461538461,0.22621612076013708,0.28515839309778596,False
pressure_anchored_7d_fraction,118,0,40,0.0,1.0,0.24362697715295256,0.2992589659657177,False
corr_priority_deadline_urgency,46,72,41,-1.0,1.0,0.15753820796613222,0.7541897800794682,False
corr_duration_priority,85,33,77,-1.0,1.0,-0.0031581562592607883,0.6380545385322821,False
corr_duration_deadline_urgency,67,51,67,-1.0,1.0,-0.016561791205017707,0.3237050405548687,False
corr_hierarchy_depth_duration,66,52,66,-1.0,0.4520208666614098,-0.03842702844636952,0.217799353249439,False
corr_hierarchy_depth_priority,49,69,45,-0.8660254037844387,0.8660254037844387,0.09745895219975668,0.3486460589660412,False
corr_dependency_depth_deadline_urgency,56,62,56,-0.8592334249044078,0.5461813876836124,0.014086636367480252,0.28041163364216015,False
corr_progress_priority,57,61,52,-0.8660254037844387,1.0,0.10999196124714271,0.5023374026679128,False
corr_progress_deadline_urgency,51,67,51,-0.7351470441147051,0.49114443254381224,-0.07232334241110558,0.23640407056458987,False
