scenario_id,design_index,replicate,seed,today,size,hierarchy_depth,hierarchy_branching,dependency_load,dependency_topology,duration_profile,priority_coverage,priority_alignment,temporal_coverage,temporal_pressure,temporal_shape,anchor_coverage,anchor_relation,expired_anchor_history,actionable_parent_coverage,lifecycle,heterogeneity,item_count_total,item_count_visible,item_count_active,item_count_actionable,item_count_frontier,item_count_executable,item_count_blocked,temporal_span_days,hierarchy_root_fraction,hierarchy_parent_fraction,hierarchy_frontier_fraction,hierarchy_mean_depth,hierarchy_max_depth,hierarchy_depth_std,hierarchy_mean_branching,hierarchy_max_branching,duration_under_20_fraction,duration_under_1h_fraction,duration_under_4h_fraction,duration_under_8h_fraction,duration_under_16h_fraction,duration_over_16h_fraction,duration_entropy,duration_long_fraction,priority_count,priority_coverage_fraction,temporal_release_fraction,temporal_deadline_fraction,temporal_both_fraction,temporal_unconstrained_fraction,temporal_window_mean_days,temporal_window_median_days,temporal_window_std_days,deadline_slack_mean_days,deadline_slack_median_days,deadline_slack_min_days,deadline_within_1d_fraction,deadline_within_3d_fraction,deadline_within_7d_fraction,overdue_fraction,deadline_collision_index,release_collision_index,anchor_count,anchor_fraction,anchor_collision_index,anchor_with_deadline_fraction,anchor_before_deadline_fraction,anchor_after_deadline_fraction,anchor_deadline_same_day_fraction,expired_anchor_history_fraction,dependency_edge_count,dependency_density,dependency_blocked_fraction,dependency_mean_indegree,dependency_max_indegree,dependency_mean_outdegree,dependency_max_outdegree,dependency_longest_chain,dependency_root_fraction,dependency_sink_fraction,lifecycle_completed_fraction,lifecycle_commenced_fraction,lifecycle_unstarted_fraction,lifecycle_mean_progress,lifecycle_progress_std,lifecycle_residual_fraction,lifecycle_decomposed_parent_fraction,lifecycle_blocked_fraction,confirmed_progress_segment_count,confirmed_progress_segment_density,workload_mass_total,workload_mass_due_3d,workload_mass_due_7d,workload_mass_due_14d,pressure_frontier_count,pressure_due_1d_count,pressure_due_3d_count,pressure_due_7d_count,pressure_due_14d_count,pressure_long_due_7d_fraction,pressure_anchored_7d_fraction,corr_priority_deadline_urgency,corr_duration_priority,corr_duration_deadline_urgency,corr_hierarchy_depth_duration,corr_hierarchy_depth_priority,corr_dependency_depth_deadline_urgency,corr_progress_priority,corr_progress_deadline_urgency
G000-R0,0,0,100000,2026-01-15,16,shallow,broad,heavy,chain,long,0.0,none,0.0,urgent,both,0.5,mixed,none,some,completion_heavy,mixed,16,16,13,10,6,1,5,0,0.0625,0.4375,0.6,1.5,2,0.6123724356957945,2.142857142857143,6,0.0,0.16666666666666666,0.0,0.16666666666666666,0.5,0.16666666666666666,0.6934264036172707,0.8333333333333333,0,0.0,0.0,0.0,0.0,1.0,,,,,,,0.0,0.0,0.0,0.0,0.0,0.0,1,0.16666666666666666,0.0,0.0,,,,0.0,7,0.04487179487179487,0.8333333333333334,0.5384615384615384,1,0.5384615384615384,1,7,0.46153846153846156,0.46153846153846156,0.23076923076923078,0.15384615384615385,0.6153846153846154,0.35384615384615387,0.45168979248932917,0.0,0.3076923076923077,0.8333333333333334,5,0.38461538461538464,56.4,0,0,0,6,0,0,0,0,0.0,0.16666666666666666,,,,,,,,
G000-R1,0,1,100001,2026-01-15,16,shallow,broad,heavy,chain,long,0.0,none,0.0,urgent,both,0.5,mixed,none,some,completion_heavy,mixed,16,16,15,12,8,1,7,7,0.0625,0.4375,0.6666666666666666,1.5,2,0.6123724356957945,2.142857142857143,6,0.0,0.125,0.0,0.25,0.25,0.375,0.7372018207993071,0.875,0,0.0,0.0,0.0,0.0,1.0,,,,,,,0.0,0.0,0.0,0.0,0.0,0.0,3,0.375,0.0,0.0,,,,0.0,7,0.04487179487179487,0.875,0.5384615384615384,1,0.5384615384615384,1,7,0.46153846153846156,0.46153846153846156,0.07692307692307693,0.15384615384615385,0.7692307692307693,0.2,0.36794648440311994,0.0,0.3076923076923077,0.875,3,0.23076923076923078,102.8,0,0,0,8,0,0,0,0,0.0,0.375,,,,,,,,
G001-R0,1,0,100100,2026-01-15,128,flat,balanced,heavy,random_dag,short,0.25,duration_aligned,0.5,relaxed,deadline_only,0.75,before,dense,many,fresh,homogeneous,128,128,128,128,128,65,63,56,1.0,0.0,1.0,0,0,0.0,,0,0.3984375,0.3515625,0.1484375,0.0625,0.03125,0.0078125,0.7460888437704617,0.1015625,16,0.125,0.0,0.5,0.0,0.5,,,,39.078125,33.5,16,0.0,0.0,0.0,0.0,0.40625,0.0,64,0.5,0.40625,1.0,1.0,0.0,0.0,0.75,96,0.005905511811023622,0.4921875,0.75,3,0.75,5,4,0.5078125,0.515625,0.0,0.0,1.0,0.0,0.0,0.0,0.0,0.4921875,0,0.0,369.0,0,0,0,128,0,0,0,0,0.0,0.0,0.06722926454528143,,0.1800467371228015,,,-0.028285993645497623,,
G001-R1,1,1,100101,2026-01-15,128,flat,balanced,heavy,random_dag,short,0.25,duration_aligned,0.5,relaxed,deadline_only,0.75,before,dense,many,fresh,homogeneous,128,128,128,128,128,69,59,56,1.0,0.0,1.0,0,0,0.0,,0,0.3984375,0.3515625,0.1484375,0.0625,0.03125,0.0078125,0.7460888437704617,0.1015625,17,0.1328125,0.0,0.5,0.0,0.5,,,,38.359375,36.5,14,0.0,0.0,0.0,0.0,0.484375,0.0,64,0.5,0.484375,1.0,1.0,0.0,0.0,0.75,96,0.005905511811023622,0.4609375,0.75,7,0.75,4,3,0.5390625,0.5078125,0.0,0.0,1.0,0.0,0.0,0.0,0.0,0.4609375,0,0.0,369.0,0,0,10.0,128,0,0,0,2,0.0,0.0,-0.14285714285714285,,0.15093824692373203,,,-0.032151454777690214,,
G002-R0,2,0,100200,2026-01-15,32,deep,narrow,moderate,fan_out,balanced,1.0,urgency_aligned,1.0,mixed,deadline_only,1.0,after,sparse,none,advanced,mixed,32,32,29,19,19,19,0,34,0.0625,0.3125,1.0,4.875,8,2.7128168017763383,3,3,0.05263157894736842,0.15789473684210525,0.2631578947368421,0.21052631578947367,0.15789473684210525,0.15789473684210525,0.9536190413315974,0.5263157894736842,19,1.0,0.0,1.0,0.0,0.0,,,,12.421052631578947,8,1,0.05263157894736842,0.2631578947368421,0.47368421052631576,0.0,0.26315789473684215,0.0,19,1.0,0.26315789473684215,1.0,0.0,1.0,0.0,0.3157894736842105,11,0.023809523809523808,0.0,0.5,1,0.5,11,1,0.5,0.9545454545454546,0.13636363636363635,0.45454545454545453,0.4090909090909091,0.4590909090909091,0.4018809083084315,0.0,0.0,0.0,11,0.5,67.0,13.399999999999999,28.2,45.0,19,1,5,9,12,0.5555555555555556,0.3684210526315789,0.9969250970473194,0.06792974691613285,0.07486353847731587,-0.2995061245769167,0.15147680411298522,-0.22279683514822674,0.1275032374279885,0.14339325602735253
G002-R1,2,1,100201,2026-01-15,32,deep,narrow,moderate,fan_out,balanced,1.0,urgency_aligned,1.0,mixed,deadline_only,1.0,after,sparse,none,advanced,mixed,32,32,29,19,19,8,11,31,0.0625,0.3125,1.0,4.875,8,2.7128168017763383,3,3,0.05263157894736842,0.21052631578947367,0.21052631578947367,0.2631578947368421,0.15789473684210525,0.10526315789473684,0.9436377299761939,0.5263157894736842,8,0.42105263157894735,0.0,1.0,0.0,0.0,,,,11.68421052631579,8,2,0.0,0.2631578947368421,0.47368421052631576,0.0,0.42105263157894735,0.0,19,1.0,0.42105263157894735,1.0,0.0,1.0,0.0,0.2631578947368421,11,0.023809523809523808,0.5789473684210527,0.5,1,0.5,11,1,0.5,0.9545454545454546,0.13636363636363635,0.4090909090909091,0.45454545454545453,0.42272727272727273,0.4055656187035338,0.0,0.0,0.5789473684210527,9,0.4090909090909091,80.2,14.0,32.6,63.800000000000004,19,0,5,9,14,0.3333333333333333,0.42105263157894735,0.9697815168769667,-0.5039526306789697,-0.3314145443660573,-0.005925260531150182,0.6867968371144288,-0.0287889011391687,-0.20619652471058061,-0.27525476421167666
G003-R0,3,0,100300,2026-01-15,64,shallow,narrow,none,none,uniform,0.5,duration_opposed,0.25,overdue_mixed,release_only,0.0,none,sparse,some,mixed,homogeneous,64,64,64,54,44,44,0,19,0.171875,0.3125,0.8148148148148148,1.4375,2,0.7680128579652817,2.65,3,0.18181818181818182,0.1590909090909091,0.20454545454545456,0.1590909090909091,0.20454545454545456,0.09090909090909091,0.9834270697092757,0.4545454545454546,22,0.5,0.25,0.0,0.0,0.75,,,,,,,0.0,0.0,0.0,0.0,0.0,0.18181818181818177,0,0.0,0.0,0.0,,,,0.25,0,0.0,0.0,0.0,0,0.0,0,0,1.0,1.0,0.0,0.37037037037037035,0.6296296296296297,0.2222222222222222,0.2897423291201177,0.0,0.18518518518518517,0.0,20,0.37037037037037035,176.4,0,0,0,44,0,0,0,0,0.0,0.0,,0.9457324874869208,,0.16617491107748428,-0.2923656432082966,,0.49844478627922684,
G003-R1,3,1,100301,2026-01-15,64,shallow,narrow,none,none,uniform,0.5,duration_opposed,0.25,overdue_mixed,release_only,0.0,none,sparse,some,mixed,homogeneous,64,64,64,54,44,44,0,20,0.234375,0.3125,0.8148148148148148,1.3125,2,0.8267972847076845,2.45,3,0.09090909090909091,0.22727272727272727,0.13636363636363635,0.18181818181818182,0.1590909090909091,0.20454545454545456,0.9786068267071258,0.5454545454545454,22,0.5,0.25,0.0,0.0,0.75,,,,,,,0.0,0.0,0.0,0.0,0.0,0.18181818181818177,0,0.0,0.0,0.0,,,,0.25,0,0.0,0.0,0.0,0,0.0,0,0,1.0,1.0,0.0,0.4444444444444444,0.5555555555555556,0.26666666666666666,0.29814239699997197,0.0,0.18518518518518517,0.0,24,0.4444444444444444,204.8,0,0,0,44,0,0,0,0,0.0,0.0,,0.9385405010774015,,0.009024829361511291,-0.3529428679643901,,,
G004-R0,4,0,100400,2026-01-15,256,deep,broad,sparse,layered,balanced,0.75,urgency_opposed,0.75,compressed,release_only,0.25,same,dense,none,early,homogeneous,256,256,256,153,153,115,38,2,0.00390625,0.40234375,1.0,2.44140625,12,1.297715982971982,2.4757281553398056,16,0.1111111111111111,0.20915032679738563,0.26143790849673204,0.17647058823529413,0.1503267973856209,0.0915032679738562,0.9665997576216527,0.41830065359477125,86,0.5620915032679739,0.7516339869281046,0.0,0.0,0.24836601307189543,,,,,,,0.0,0.0,0.0,0.0,0.0,0.9739130434782609,0,0.0,0.0,0.0,,,,0.7516339869281046,38,0.0016339869281045752,0.24836601307189543,0.24836601307189543,1,0.24836601307189543,1,3,0.7516339869281046,0.7516339869281046,0.0,0.41830065359477125,0.5816993464052288,0.08366013071895426,0.09865601183850044,0.0,0.0,0.24836601307189543,64,0.41830065359477125,977.0000000000001,0,0,0,153,0,0,0,0,0.0,0.0,,0.008081379413449339,,-0.013993373928208526,0.011318538772872875,,-0.01784293212034895,
G004-R1,4,1,100401,2026-01-15,256,deep,broad,sparse,layered,balanced,0.75,urgency_opposed,0.75,compressed,release_only,0.25,same,dense,none,early,homogeneous,256,256,256,153,153,115,38,2,0.00390625,0.40234375,1.0,2.44140625,12,1.297715982971982,2.4757281553398056,16,0.0915032679738562,0.1830065359477124,0.26143790849673204,0.20915032679738563,0.16993464052287582,0.08496732026143791,0.9589832302070299,0.46405228758169936,86,0.5620915032679739,0.7516339869281046,0.0,0.0,0.24836601307189543,,,,,,,0.0,0.0,0.0,0.0,0.0,0.9739130434782609,0,0.0,0.0,0.0,,,,0.7516339869281046,38,0.0016339869281045752,0.24836601307189543,0.24836601307189543,1,0.24836601307189543,1,3,0.7516339869281046,0.7516339869281046,0.0,0.46405228758169936,0.5359477124183006,0.09281045751633987,0.09974121755260283,0.0,0.0,0.24836601307189543,71,0.46405228758169936,1017.2,0,0,0,153,0,0,0,0,0.0,0.0,,0.0009537218320982619,,-0.10433837990444576,-0.33166483127672725,,0.017804269166747065,
G005-R0,5,0,100500,2026-01-15,64,medium,balanced,moderate,fan_in,bimodal,1.0,urgency_opposed,0.75,overdue_mixed,mixed,0.25,mixed,dense,many,completion_heavy,mixed,64,64,42,42,17,16,1,22,0.015625,0.5,0.40476190476190477,5.015625,6,1.3403845938293233,1.96875,2,0.23529411764705882,0.17647058823529413,0.058823529411764705,0.0,0.11764705882352941,0.4117647058823529,0.7982934405955319,0.5294117647058824,9,0.5294117647058824,0.29411764705882354,0.35294117647058826,0.17647058823529413,0.5294117647058824,7.666666666666667,7,0.9428090415820634,-3.1666666666666665,-2.5,-13,0.0,0.16666666666666666,0.16666666666666666,0.6666666666666666,0.0,0.0,4,0.23529411764705882,0.0,0.5,0.0,0.5,0.5,0.47058823529411764,16,0.003968253968253968,0.058823529411764705,0.25,16,0.25,1,1,0.984375,0.75,0.34375,0.078125,0.578125,0.40625,0.4782373234075316,0.109375,0.5,0.058823529411764705,15,0.234375,130.79999999999998,14.599999999999998,14.599999999999998,19.4,17,4,5,5,6,0.4,0.17647058823529413,-1.0,0.008587567332159079,-0.49377071987869414,-0.15320168873249723,,0.16890522413463205,0.17320508075688773,-0.3004454345437574
G005-R1,5,1,100501,2026-01-15,64,medium,balanced,moderate,fan_in,bimodal,1.0,urgency_opposed,0.75,overdue_mixed,mixed,0.25,mixed,dense,many,completion_heavy,mixed,64,64,41,41,17,16,1,23,0.015625,0.5,0.4146341463414634,5.015625,6,1.3403845938293233,1.96875,2,0.4117647058823529,0.17647058823529413,0.0,0.0,0.11764705882352941,0.29411764705882354,0.7161522905576906,0.4117647058823529,8,0.47058823529411764,0.35294117647058826,0.35294117647058826,0.17647058823529413,0.47058823529411764,8.666666666666666,9,0.4714045207910317,0.8333333333333334,5.5,-12,0.0,0.16666666666666666,0.16666666666666666,0.3333333333333333,0.33333333333333337,0.33333333333333337,3,0.17647058823529413,0.33333333333333337,1.0,0.0,0.3333333333333333,0.6666666666666666,0.4117647058823529,16,0.003968253968253968,0.058823529411764705,0.25,16,0.25,1,1,0.984375,0.75,0.359375,0.0625,0.578125,0.409375,0.48144273737901583,0.125,0.5,0.058823529411764705,14,0.21875,94.6,3.0,3.0,13.599999999999998,17,2,3,3,6,0.0,0.058823529411764705,-0.9710083124552245,0.6390096504226938,-0.5330017908890261,-0.11406228159050937,,,0.7637626158259734,0.20286102977801676
G006-R0,6,0,100600,2026-01-15,32,medium,balanced,sparse,random_dag,bimodal,0.75,random,1.0,mixed,both,0.75,after,none,none,mixed,homogeneous,32,32,32,16,16,12,4,39,0.03125,0.5,1.0,3.75,5,1.3228756555322954,1.9375,3,0.375,0.1875,0.0,0.0625,0.0625,0.3125,0.7767447547621658,0.4375,9,0.5625,1.0,1.0,1.0,0.0,13.4375,7.5,9.387283619343776,12,7.5,2,0.0,0.25,0.5,0.0,0.25,0.625,12,0.75,0.16666666666666663,1.0,0.0,1.0,0.0,0.0,4,0.016666666666666666,0.25,0.25,1,0.25,2,1,0.75,0.8125,0.0,0.4375,0.5625,0.2625,0.29764702249476643,0.0,0.0,0.25,7,0.4375,69.60000000000001,15.8,33.800000000000004,45.400000000000006,16,0,4,8,10,0.5,0.3125,0.25210974204480535,0.15144803708370713,-0.013911269400503188,0.24591855333030516,0.03984095364447979,0.4717540977918292,0.08660254037844387,0.05490409809616907
G006-R1,6,1,100601,2026-01-15,32,medium,balanced,sparse,random_dag,bimodal,0.75,random,1.0,mixed,both,0.75,after,none,none,mixed,homogeneous,32,32,32,16,16,13,3,39,0.03125,0.5,1.0,3.53125,5,1.2743717815064801,1.9375,3,0.375,0.1875,0.0,0.0,0.1875,0.25,0.7490546280338487,0.4375,10,0.625,1.0,1.0,1.0,0.0,13.625,8.5,9.075206609218327,11.8125,8.5,1,0.0625,0.375,0.4375,0.0,0.3125,0.6875,12,0.75,0.25,1.0,0.0,1.0,0.0,0.0,4,0.016666666666666666,0.1875,0.25,2,0.25,1,1,0.8125,0.75,0.0,0.4375,0.5625,0.2625,0.29764702249476643,0.0,0.0,0.1875,7,0.4375,69.60000000000001,25.200000000000003,34.800000000000004,37.800000000000004,16,1,6,7,10,0.42857142857142855,0.25,-0.11621284187444918,-0.247900273203854,-0.00769712787690537,-0.34154834877365664,0.3481553119113957,-0.34916857743783086,-0.3553345272593508,-0.13736218379531312
G007-R0,7,0,100700,2026-01-15,16,medium,narrow,sparse,chain,uniform,0.25,random,0.5,relaxed,both,0.0,none,sparse,many,early,mixed,16,16,16,16,11,8,3,61,0.0625,0.3125,0.6875,2.625,4,1.3169567191065923,3,3,0.2727272727272727,0.0,0.18181818181818182,0.2727272727272727,0.18181818181818182,0.09090909090909091,0.863173161693871,0.5454545454545454,2,0.18181818181818182,0.5454545454545454,0.5454545454545454,0.5454545454545454,0.45454545454545453,35,32.5,15.351438586225939,35,32.5,16,0.0,0.0,0.0,0.0,0.0,0.8333333333333334,0,0.0,0.0,0.0,,,,0.2727272727272727,3,0.0125,0.2727272727272727,0.1875,1,0.1875,1,3,0.8125,0.8125,0.0,0.25,0.75,0.05,0.09185586535436918,0.0,0.3125,0.2727272727272727,4,0.25,81.4,0,0,0,11,0,0,0,0,0.0,0.0,,1.0,-0.4879500364742666,-0.229550012918565,,0.2125118592516207,1.0,-0.401188709901439
G007-R1,7,1,100701,2026-01-15,16,medium,narrow,sparse,chain,uniform,0.25,random,0.5,relaxed,both,0.0,none,sparse,many,early,mixed,16,16,16,16,11,8,3,63,0.0625,0.3125,0.6875,2.625,4,1.3169567191065923,3,3,0.18181818181818182,0.18181818181818182,0.18181818181818182,0.18181818181818182,0.09090909090909091,0.18181818181818182,0.986606462892553,0.4545454545454546,2,0.18181818181818182,0.5454545454545454,0.5454545454545454,0.5454545454545454,0.45454545454545453,34,27.0,15.91644851508443,34,27.0,19,0.0,0.0,0.0,0.0,0.0,0.8333333333333334,0,0.0,0.0,0.0,,,,0.2727272727272727,3,0.0125,0.2727272727272727,0.1875,1,0.1875,1,3,0.8125,0.8125,0.0,0.25,0.75,0.040625,0.07749747979773278,0.0,0.3125,0.2727272727272727,4,0.25,85.2,0,0,0,11,0,0,0,0,0.0,0.0,,-1.0,-0.44136741475237473,-0.07814243197311412,,-0.2704493615131253,,-0.16903085094570333
G008-R0,8,0,100800,2026-01-15,256,flat,balanced,none,none,long,0.0,none,0.25,urgent,mixed,1.0,before,sparse,many,fresh,homogeneous,256,256,256,256,256,256,0,6,1.0,0.0,1.0,0,0,0.0,,0,0.01953125,0.05078125,0.12890625,0.25,0.30078125,0.25,0.8632817954594618,0.80078125,0,0.0,0.1640625,0.16796875,0.08203125,0.75,2,2,1.1126972805283737,1.8837209302325582,2,0,0.4418604651162791,0.8372093023255814,1.0,0.0,0.8837209302325582,0.9523809523809523,43,0.16796875,0.8837209302325582,1.0,1.0,0.0,0.0,0.25,0,0.0,0.0,0.0,0,0.0,0,0,1.0,1.0,0.0,0.0,1.0,0.0,0.0,0.0,0.0,0.0,0,0.0,3443.0,485.0,593.0,593.0,256,19,36,43,43,0.7441860465116279,0.16796875,,,-0.18325303777618215,,,,,
G008-R1,8,1,100801,2026-01-15,256,flat,balanced,none,none,long,0.0,none,0.25,urgent,mixed,1.0,before,sparse,many,fresh,homogeneous,256,256,256,256,256,256,0,6,1.0,0.0,1.0,0,0,0.0,,0,0.01953125,0.05078125,0.12890625,0.25,0.30078125,0.25,0.8632817954594618,0.80078125,0,0.0,0.1640625,0.16796875,0.08203125,0.75,2.0476190476190474,2,1.1328930717495542,1.9069767441860466,2,0,0.46511627906976744,0.8372093023255814,1.0,0.0,0.8837209302325582,0.9523809523809523,43,0.16796875,0.8837209302325582,1.0,1.0,0.0,0.0,0.25,0,0.0,0.0,0.0,0,0.0,0,0,1.0,1.0,0.0,0.0,1.0,0.0,0.0,0.0,0.0,0.0,0,0.0,3443.0,485.0,565.0,565.0,256,20,36,43,43,0.8372093023255814,0.16796875,,,0.2148630931587407,,,,,
G009-R0,9,0,100900,2026-01-15,128,deep,broad,moderate,fan_in,short,0.25,duration_opposed,0.25,relaxed,deadline_only,0.5,same,none,some,completion_heavy,mixed,128,128,76,50,37,36,1,43,0.0078125,0.40625,0.74,2.546875,12,1.749372097175155,2.4423076923076925,12,0.4864864864864865,0.2702702702702703,0.16216216216216217,0.05405405405405406,0.02702702702702703,0.0,0.7001206539582326,0.08108108108108109,6,0.16216216216216217,0.0,0.13513513513513514,0.0,0.8648648648648649,,,,48.6,53,18,0.0,0.0,0.0,0.0,0.0,0.0,5,0.13513513513513514,0.0,1.0,0.0,0.0,1.0,0.0,38,0.0036886041545331006,0.02702702702702703,0.37254901960784315,38,0.37254901960784315,1,1,0.9901960784313726,0.6274509803921569,0.5098039215686274,0.0196078431372549,0.47058823529411764,0.5254901960784314,0.49619854393369833,0.12745098039215685,0.2549019607843137,0.02702702702702703,9,0.08823529411764706,81.2,0,0,0,37,0,0,0,0,0.0,0.0,,0.9561828874675149,0.05270462766947299,0.16365390703293028,0.6546536707079772,-0.32303209806397465,0.8280786712108251,0.38221673292970665
G009-R1,9,1,100901,2026-01-15,128,deep,broad,moderate,fan_in,short,0.25,duration_opposed,0.25,relaxed,deadline_only,0.5,same,none,some,completion_heavy,mixed,128,128,72,46,33,32,1,18,0.0078125,0.40625,0.717391304347826,2.5546875,12,1.7536060781554534,2.4423076923076925,12,0.2727272727272727,0.42424242424242425,0.18181818181818182,0.12121212121212122,0.0,0.0,0.7165327202966294,0.12121212121212122,5,0.15151515151515152,0.0,0.15151515151515152,0.0,0.8484848484848485,,,,34.4,34,28,0.0,0.0,0.0,0.0,0.0,0.0,5,0.15151515151515152,0.0,1.0,0.0,0.0,1.0,0.0,38,0.0036886041545331006,0.030303030303030304,0.37254901960784315,38,0.37254901960784315,1,1,0.9901960784313726,0.6274509803921569,0.5490196078431373,0.00980392156862745,0.4411764705882353,0.5568627450980392,0.49517471741692853,0.12745098039215685,0.2549019607843137,0.030303030303030304,8,0.0784313725490196,86.6,0,0,0,33,0,0,0,0,0.0,0.0,,0.8944271909999159,-0.7071067811865475,-0.14131126547323264,0.0,0.0,0.7071067811865475,-0.06549409885496388
G010-R0,10,0,101000,2026-01-15,16,flat,balanced,none,none,uniform,0.5,urgency_aligned,0.75,compressed,both,0.5,mixed,none,none,fresh,mixed,16,16,16,16,16,16,0,11,1.0,0.0,1.0,0,0,0.0,,0,0.1875,0.1875,0.1875,0.1875,0.125,0.125,0.9908376325554371,0.4375,8,0.5,0.75,0.75,0.75,0.25,4.333333333333333,3.0,1.7950549357115013,3.6666666666666665,2.5,1,0.16666666666666666,0.5833333333333334,0.9166666666666666,0.0,0.41666666666666663,0.75,8,0.5,0.25,0.625,0.4,0.4,0.2,0.0,0,0.0,0.0,0.0,0,0.0,0,0,1.0,1.0,0.0,0.0,1.0,0.0,0.0,0.0,0.0,0.0,0,0.0,125.0,55.0,112.0,113.0,16,2,7,11,12,0.6363636363636364,0.4375,0.9322272357358045,-0.5542570966186618,-0.06909136589483833,,,,,
G010-R1,10,1,101001,2026-01-15,16,flat,balanced,none,none,uniform,0.5,urgency_aligned,0.75,compressed,both,0.5,mixed,none,none,fresh,mixed,16,16,16,16,16,16,0,10,1.0,0.0,1.0,0,0,0.0,,0,0.1875,0.1875,0.1875,0.1875,0.125,0.125,0.9908376325554371,0.4375,8,0.5,0.75,0.75,0.75,0.25,4.25,3.0,1.7380544678845176,3.5833333333333335,3.0,1,0.25,0.5833333333333334,0.9166666666666666,0.0,0.33333333333333337,0.75,8,0.5,0.125,0.875,0.42857142857142855,0.14285714285714285,0.42857142857142855,0.0,0,0.0,0.0,0.0,0,0.0,0,0,1.0,1.0,0.0,0.0,1.0,0.0,0.0,0.0,0.0,0.0,0,0.0,125.0,74.0,110.0,114.0,16,3,7,11,12,0.5454545454545454,0.5,0.9636241116594316,0.23034110636021418,0.05946187253790689,,,,,
G011-R0,11,0,101100,2026-01-15,128,shallow,narrow,sparse,fan_out,long,1.0,duration_aligned,0.75,compressed,mixed,0.0,none,sparse,some,advanced,homogeneous,128,128,128,109,89,67,22,10,0.2421875,0.3046875,0.8165137614678899,1.296875,2,0.8325354252973263,2.4871794871794872,3,0.011235955056179775,0.0449438202247191,0.12359550561797752,0.2247191011235955,0.29213483146067415,0.30337078651685395,0.8400120570686367,0.8202247191011236,67,0.7528089887640449,0.4943820224719101,0.5056179775280899,0.24719101123595505,0.24719101123595505,4.454545454545454,4.0,1.7248787237282068,4,4,1,0.1111111111111111,0.4888888888888889,0.9111111111111111,0.0,0.8222222222222222,0.9318181818181819,0,0.0,0.0,0.0,,,,0.24719101123595505,22,0.0018688413183826028,0.24719101123595505,0.2018348623853211,1,0.2018348623853211,22,1,0.7981651376146789,0.9908256880733946,0.0,0.6697247706422018,0.3302752293577982,0.5357798165137615,0.3762497062158179,0.0,0.1834862385321101,0.24719101123595505,73,0.6697247706422018,297.79999999999995,77.19999999999999,137.79999999999998,153.79999999999998,89,5,22,41,45,0.7560975609756098,0.0,0.03786962324970573,-0.9682381084833683,0.08775863979661273,0.06665754001362768,-0.10063805517501082,0.01407937612706681,-0.7042650813527773,0.12059106860484017
G011-R1,11,1,101101,2026-01-15,128,shallow,narrow,sparse,fan_out,long,1.0,duration_aligned,0.75,compressed,mixed,0.0,none,sparse,some,advanced,homogeneous,128,128,128,109,89,67,22,10,0.4140625,0.3046875,0.8165137614678899,0.9765625,2,0.8967375221288278,1.9230769230769231,3,0.02247191011235955,0.06741573033707865,0.12359550561797752,0.20224719101123595,0.29213483146067415,0.29213483146067415,0.8749621076967405,0.7865168539325842,67,0.7528089887640449,0.4943820224719101,0.5056179775280899,0.24719101123595505,0.24719101123595505,4.363636363636363,3.0,1.822721605069402,4.066666666666666,3,1,0.1111111111111111,0.5333333333333333,0.8666666666666667,0.0,0.8222222222222222,0.9318181818181819,0,0.0,0.0,0.0,,,,0.24719101123595505,22,0.0018688413183826028,0.24719101123595505,0.2018348623853211,1,0.2018348623853211,22,1,0.7981651376146789,0.9908256880733946,0.0,0.6422018348623854,0.3577981651376147,0.5137614678899083,0.38348184888405523,0.0,0.1834862385321101,0.24719101123595505,70,0.6422018348623854,294.79999999999995,77.19999999999999,131.99999999999997,152.19999999999996,89,5,24,39,45,0.8461538461538461,0.0,0.1701403713305642,-0.9740630302062542,-0.12927815370553597,0.03348033396770434,0.004673677676490362,-0.045994442735222844,-0.753778361444409,0.028715212683660937
G012-R0,12,0,101200,2026-01-15,64,medium,broad,heavy,layered,long,0.25,duration_aligned,1.0,urgent,release_only,1.0,after,none,many,early,mixed,64,64,64,64,38,11,27,1,0.015625,0.40625,0.59375,2.203125,6,0.904497227400394,2.423076923076923,8,0.02631578947368421,0.05263157894736842,0.15789473684210525,0.23684210526315788,0.2894736842105263,0.23684210526315788,0.8836438139445891,0.763157894736842,3,0.07894736842105263,1.0,0.0,0.0,0.0,,,,,,,0.0,0.0,0.0,0.0,0.0,0.9473684210526316,0,0.0,0.0,0.0,,,,0.0,28,0.006944444444444444,0.7105263157894737,0.4375,2,0.4375,1,3,0.578125,0.5625,0.0,0.3125,0.6875,0.0578125,0.0932146171142166,0.0,0.40625,0.7105263157894737,20,0.3125,432.2,0,0,0,38,0,0,0,0,0.0,0.0,,-0.8660254037844387,,0.04057014431193129,0.0,,,
G012-R1,12,1,101201,2026-01-15,64,medium,broad,heavy,layered,long,0.25,duration_aligned,1.0,urgent,release_only,1.0,after,none,many,early,mixed,64,64,64,64,38,11,27,1,0.015625,0.40625,0.59375,2.203125,6,0.904497227400394,2.423076923076923,8,0.02631578947368421,0.05263157894736842,0.10526315789473684,0.2631578947368421,0.34210526315789475,0.21052631578947367,0.8561281501099568,0.8157894736842105,3,0.07894736842105263,1.0,0.0,0.0,0.0,,,,,,,0.0,0.0,0.0,0.0,0.0,0.9473684210526316,0,0.0,0.0,0.0,,,,0.0,28,0.006944444444444444,0.7105263157894737,0.4375,2,0.4375,1,3,0.578125,0.5625,0.0,0.421875,0.578125,0.07734375,0.09679621292146455,0.0,0.40625,0.7105263157894737,27,0.421875,419.8,0,0,0,38,0,0,0,0,0.0,0.0,,-1.0,,0.12309317766867346,-0.8660254037844387,,-0.8660254037844387,
G013-R0,13,0,101300,2026-01-15,32,flat,balanced,heavy,fan_out,balanced,0.75,duration_opposed,0.0,overdue_mixed,both,0.0,none,dense,many,advanced,mixed,32,32,29,29,29,5,24,,1.0,0.0,1.0,0,0,0.0,,0,0.06896551724137931,0.2413793103448276,0.2413793103448276,0.20689655172413793,0.1724137931034483,0.06896551724137931,0.9399064443371019,0.4482758620689655,4,0.13793103448275862,0.0,0.0,0.0,1.0,,,,,,,0.0,0.0,0.0,0.0,0.0,0.0,0,0.0,0.0,0.0,,,,0.7241379310344828,24,0.024193548387096774,0.8275862068965517,0.75,1,0.75,24,1,0.25,0.96875,0.09375,0.3125,0.59375,0.325,0.40543186850567137,0.0,0.0,0.8275862068965517,11,0.34375,124.8,0,0,0,29,0,0,0,0,0.0,0.0,,1.0,,,,,0.8944271909999159,
G013-R1,13,1,101301,2026-01-15,32,flat,balanced,heavy,fan_out,balanced,0.75,duration_opposed,0.0,overdue_mixed,both,0.0,none,dense,many,advanced,mixed,32,32,31,31,31,7,24,,1.0,0.0,1.0,0,0,0.0,,0,0.0967741935483871,0.22580645161290322,0.22580645161290322,0.1935483870967742,0.16129032258064516,0.0967741935483871,0.9689780076791364,0.45161290322580644,5,0.16129032258064516,0.0,0.0,0.0,1.0,,,,,,,0.0,0.0,0.0,0.0,0.0,0.0,0,0.0,0.0,0.0,,,,0.7419354838709677,24,0.024193548387096774,0.7741935483870968,0.75,1,0.75,24,1,0.25,0.96875,0.03125,0.375,0.59375,0.29375,0.3639518340385167,0.0,0.0,0.7741935483870968,12,0.375,117.8,0,0,0,31,0,0,0,0,0.0,0.0,,0.8660254037844386,,,,,0.7826237921249264,
G014-R0,14,0,101400,2026-01-15,32,shallow,broad,none,none,short,0.75,random,0.5,mixed,release_only,0.25,before,none,some,advanced,homogeneous,32,32,32,29,25,25,0,6,0.03125,0.21875,0.8620689655172413,1.75,2,0.5,4.428571428571429,6,0.4,0.4,0.12,0.04,0.04,0.0,0.6948333731252242,0.08,19,0.76,0.48,0.0,0.0,0.52,,,,,,,0.0,0.0,0.0,0.0,0.0,0.5,0,0.0,0.0,0.0,,,,0.0,0,0.0,0.0,0.0,0,0.0,0,0,1.0,1.0,0.0,0.06896551724137931,0.9310344827586207,0.055172413793103454,0.20271639250619405,0.0,0.13793103448275862,0.0,2,0.06896551724137931,46.8,0,0,0,25,0,0,0,0,0.0,0.0,,-0.09819364112178382,,,,,0.3444233600968322,
G014-R1,14,1,101401,2026-01-15,32,shallow,broad,none,none,short,0.75,random,0.5,mixed,release_only,0.25,before,none,some,advanced,homogeneous,32,32,32,29,25,25,0,6,0.03125,0.21875,0.8620689655172413,1.75,2,0.5,4.428571428571429,6,0.44,0.32,0.16,0.04,0.04,0.0,0.7124692435811012,0.08,19,0.76,0.48,0.0,0.0,0.52,,,,,,,0.0,0.0,0.0,0.0,0.0,0.5833333333333333,0,0.0,0.0,0.0,,,,0.0,0,0.0,0.0,0.0,0,0.0,0,0,1.0,1.0,0.0,0.06896551724137931,0.9310344827586207,0.055172413793103454,0.20271639250619405,0.0,0.13793103448275862,0.0,2,0.06896551724137931,47.8,0,0,0,25,0,0,0,0,0.0,0.0,,-0.11717019333866968,,,,,0.30123203803835463,
G015-R0,15,0,101500,2026-01-15,16,deep,narrow,heavy,layered,bimodal,0.0,none,1.0,urgent,deadline_only,0.5,same,dense,none,mixed,homogeneous,16,16,16,11,11,3,8,4,0.0625,0.3125,1.0,2.625,4,1.3169567191065923,3,3,0.18181818181818182,0.18181818181818182,0.09090909090909091,0.09090909090909091,0.09090909090909091,0.36363636363636365,0.9162695888499091,0.5454545454545454,0,0.0,0.0,1.0,0.0,0.0,,,,1.6363636363636365,1,0,0.5454545454545454,0.8181818181818182,1.0,0.0,0.5454545454545454,0.0,6,0.5454545454545454,0.33333333333333337,1.0,0.0,0.0,1.0,0.7272727272727273,8,0.07272727272727272,0.7272727272727273,0.7272727272727273,1,0.7272727272727273,1,3,0.2727272727272727,0.2727272727272727,0.0,0.5454545454545454,0.45454545454545453,0.32727272727272727,0.2987577586391815,0.0,0.0,0.7272727272727273,6,0.5454545454545454,58.00000000000001,53.800000000000004,58.00000000000001,58.00000000000001,11,6,9,11,11,0.5454545454545454,0.5454545454545454,,,0.342109179175582,-0.07432087085949113,,0.016787005172844496,,0.08864052604279184
G015-R1,15,1,101501,2026-01-15,16,deep,narrow,heavy,layered,bimodal,0.0,none,1.0,urgent,deadline_only,0.5,same,dense,none,mixed,homogeneous,16,16,16,11,11,3,8,4,0.0625,0.3125,1.0,2.625,4,1.3169567191065923,3,3,0.36363636363636365,0.0,0.09090909090909091,0.09090909090909091,0.09090909090909091,0.36363636363636365,0.7755958407646212,0.5454545454545454,0,0.0,0.0,1.0,0.0,0.0,,,,1.6363636363636365,2,0,0.45454545454545453,0.9090909090909091,1.0,0.0,0.5454545454545454,0.0,6,0.5454545454545454,0.5,1.0,0.0,0.0,1.0,0.7272727272727273,8,0.07272727272727272,0.7272727272727273,0.7272727272727273,1,0.7272727272727273,1,3,0.2727272727272727,0.2727272727272727,0.0,0.5454545454545454,0.45454545454545453,0.32727272727272727,0.2987577586391815,0.0,0.0,0.7272727272727273,6,0.5454545454545454,56.00000000000001,52.00000000000001,56.00000000000001,56.00000000000001,11,5,10,11,11,0.5454545454545454,0.5454545454545454,,,-0.13828214353094254,-0.4547562849357055,,-0.8592334249044078,,0.08971499589146108
G016-R0,16,0,101600,2026-01-15,256,shallow,balanced,moderate,fan_in,balanced,0.5,random,1.0,overdue_mixed,mixed,0.75,mixed,none,none,early,homogeneous,256,256,256,194,194,193,1,27,0.05078125,0.2421875,1.0,1.70703125,2,0.5556082806469298,3.9193548387096775,4,0.10824742268041238,0.21649484536082475,0.26804123711340205,0.18041237113402062,0.13402061855670103,0.09278350515463918,0.962045581890395,0.4072164948453608,96,0.4948453608247423,0.6649484536082474,0.6649484536082474,0.32989690721649484,0.0,7.484375,7.0,0.7904149918713587,-1.4031007751937985,-1,-14,0.09302325581395349,0.24806201550387597,0.3488372093023256,0.5038759689922481,0.9069767441860466,0.9302325581395349,146,0.7525773195876289,0.8356164383561644,0.7054794520547946,0.3106796116504854,0.34951456310679613,0.33980582524271846,0.0,97,0.0025906735751295338,0.005154639175257732,0.5,97,0.5,1,1,0.9948453608247423,0.5,0.0,0.4072164948453608,0.5927835051546392,0.08144329896907217,0.09826316118896625,0.0,0.0,0.005154639175257732,79,0.4072164948453608,1215.4,576.2,654.8000000000001,811.2,194,77,97,110,129,0.36363636363636365,0.6855670103092784,0.03226879625288219,-0.03540692951714174,-0.04176476598580289,,,-0.13940029264841403,0.032528358814653706,-0.0420378341173038
G016-R1,16,1,101601,2026-01-15,256,shallow,balanced,moderate,fan_in,balanced,0.5,random,1.0,overdue_mixed,mixed,0.75,mixed,none,none,early,homogeneous,256,256,256,194,194,193,1,27,0.05078125,0.2421875,1.0,1.70703125,2,0.5556082806469298,3.9193548387096775,4,0.11855670103092783,0.1958762886597938,0.23711340206185566,0.1958762886597938,0.14948453608247422,0.10309278350515463,0.9772915198653798,0.44845360824742264,96,0.4948453608247423,0.6649484536082474,0.6649484536082474,0.32989690721649484,0.0,7.5,7.0,0.75,-1.317829457364341,-1,-14,0.09302325581395349,0.24806201550387597,0.32558139534883723,0.5038759689922481,0.9069767441860466,0.9302325581395349,146,0.7525773195876289,0.8356164383561644,0.6712328767123288,0.2857142857142857,0.37755102040816324,0.336734693877551,0.0,97,0.0025906735751295338,0.005154639175257732,0.5,97,0.5,1,1,0.9948453608247423,0.5,0.0,0.4484536082474227,0.5515463917525774,0.08969072164948454,0.09946717438377142,0.0,0.0,0.005154639175257732,87,0.4484536082474227,1281.4,641.2,735.4000000000001,868.2,194,77,97,107,129,0.4485981308411215,0.6907216494845361,0.001719378676176845,-0.0649731306397932,-0.004978218882580706,,,,-0.15142702298469685,-0.06890761673821262
G017-R0,17,0,101700,2026-01-15,64,shallow,balanced,moderate,random_dag,long,0.5,urgency_aligned,0.5,relaxed,release_only,1.0,after,dense,some,completion_heavy,homogeneous,64,64,15,8,6,6,0,,0.0625,0.234375,0.75,1.6875,2,0.582961190818051,4,4,0.0,0.3333333333333333,0.16666666666666666,0.16666666666666666,0.0,0.3333333333333333,0.7420981285103057,0.5,0,0.0,0.0,0.0,0.0,1.0,,,,,,,0.0,0.0,0.0,0.0,0.0,0.0,0,0.0,0.0,0.0,,,,0.0,24,0.007518796992481203,0.0,0.42105263157894735,3,0.42105263157894735,2,2,0.7017543859649122,0.7192982456140351,0.8596491228070176,0.0,0.14035087719298245,0.8596491228070176,0.3473506995302339,0.10526315789473684,0.14035087719298245,0.0,41,0.7192982456140351,64.0,0,0,0,6,0,0,0,0,0.0,0.0,,,,,,,,
G017-R1,17,1,101701,2026-01-15,64,shallow,balanced,moderate,random_dag,long,0.5,urgency_aligned,0.5,relaxed,release_only,1.0,after,dense,some,completion_heavy,homogeneous,64,64,19,10,7,7,0,,0.078125,0.296875,0.7,1.625,2,0.625,3.1052631578947367,4,0.0,0.14285714285714285,0.0,0.14285714285714285,0.42857142857142855,0.2857142857142857,0.7127263906780549,0.8571428571428571,0,0.0,0.0,0.0,0.0,1.0,,,,,,,0.0,0.0,0.0,0.0,0.0,0.0,0,0.0,0.0,0.0,,,,0.0,22,0.007407407407407408,0.0,0.4,2,0.4,3,3,0.7090909090909091,0.7272727272727273,0.8181818181818182,0.0,0.18181818181818182,0.8181818181818182,0.38569460791993504,0.12727272727272726,0.18181818181818182,0.0,36,0.6545454545454545,106.0,0,0,0,7,0,0,0,0,0.0,0.0,,,,,,,,
G018-R0,18,0,101800,2026-01-15,128,deep,broad,moderate,layered,short,0.5,duration_aligned,0.0,overdue_mixed,both,0.25,mixed,sparse,none,early,mixed,128,128,128,76,76,38,38,10,0.0078125,0.40625,1.0,2.546875,12,1.749372097175155,2.4423076923076925,12,0.40789473684210525,0.3815789473684211,0.11842105263157894,0.05263157894736842,0.039473684210526314,0.0,0.7080258671525578,0.09210526315789473,19,0.25,0.0,0.0,0.0,1.0,,,,,,,0.0,0.0,0.0,0.0,0.0,0.0,19,0.25,0.7894736842105263,0.0,,,,0.25,38,0.006666666666666667,0.5,0.5,1,0.5,1,3,0.5,0.5,0.0,0.07894736842105263,0.9210526315789473,0.01644736842105263,0.05642190567894011,0.0,0.0,0.5,6,0.07894736842105263,189.8,0,0,0,76,0,0,0,0,0.0,0.25,,-0.532290647422377,,-0.022563044868080688,0.534031128553203,,,
G018-R1,18,1,101801,2026-01-15,128,deep,broad,moderate,layered,short,0.5,duration_aligned,0.0,overdue_mixed,both,0.25,mixed,sparse,none,early,mixed,128,128,128,76,76,38,38,10,0.0078125,0.40625,1.0,2.546875,12,1.749372097175155,2.4423076923076925,12,0.4605263157894737,0.2894736842105263,0.13157894736842105,0.06578947368421052,0.039473684210526314,0.013157894736842105,0.7514426471724713,0.11842105263157894,19,0.25,0.0,0.0,0.0,1.0,,,,,,,0.0,0.0,0.0,0.0,0.0,0.0,19,0.25,0.7894736842105263,0.0,,,,0.25,38,0.006666666666666667,0.5,0.5,1,0.5,1,3,0.5,0.5,0.0,0.11842105263157894,0.881578947368421,0.017763157894736842,0.054231440779081916,0.0,0.0,0.5,9,0.11842105263157894,215.0,0,0,0,76,0,0,0,0,0.0,0.25,,-0.532290647422377,,-0.08596117437884171,0.5060243137049899,,,
G019-R0,19,0,101900,2026-01-15,256,medium,balanced,sparse,chain,bimodal,0.5,urgency_aligned,0.25,mixed,deadline_only,0.0,none,none,some,fresh,mixed,256,256,256,192,128,96,32,31,0.00390625,0.5,0.6666666666666666,7.00390625,8,1.3905317296670858,1.9921875,2,0.328125,0.140625,0.046875,0.0625,0.140625,0.28125,0.8878824797179118,0.484375,48,0.375,0.0,0.25,0.0,0.75,,,,11.9375,7.5,2,0.0,0.15625,0.5,0.0,0.53125,0.0,0,0.0,0.0,0.0,,,,0.0,32,0.0008726003490401396,0.25,0.16666666666666666,1,0.16666666666666666,1,32,0.8333333333333334,0.8333333333333334,0.0,0.0,1.0,0.0,0.0,0.0,0.3333333333333333,0.25,0,0.0,1318.0,6.0,116.0,216.0,128,0,5,16,24,0.3125,0.0,0.9928590132802234,-0.15026428433047323,-0.23133971925702526,,,0.10518232663196471,,
G019-R1,19,1,101901,2026-01-15,256,medium,balanced,sparse,chain,bimodal,0.5,urgency_aligned,0.25,mixed,deadline_only,0.0,none,none,some,fresh,mixed,256,256,256,192,128,96,32,32,0.00390625,0.5,0.6666666666666666,7.00390625,8,1.3905317296670858,1.9921875,2,0.296875,0.140625,0.0390625,0.0390625,0.1640625,0.3203125,0.8655907888131603,0.5234375,48,0.375,0.0,0.25,0.0,0.75,,,,11.78125,7.0,1,0.03125,0.21875,0.53125,0.0,0.53125,0.0,0,0.0,0.0,0.0,,,,0.0,32,0.0008726003490401396,0.25,0.16666666666666666,1,0.16666666666666666,1,32,0.8333333333333334,0.8333333333333334,0.0,0.0,1.0,0.0,0.0,0.0,0.3333333333333333,0.25,0,0.0,1454.0,97.0,229.0,257.0,128,1,7,17,22,0.7647058823529411,0.0,0.9963302628516273,0.0943607508853146,0.327279845628124,,,-0.024771573286371338,,
G020-R0,20,0,102000,2026-01-15,64,deep,broad,none,none,balanced,1.0,urgency_opposed,0.5,mixed,deadline_only,0.75,same,sparse,some,completion_heavy,mixed,64,64,39,26,17,17,0,30,0.015625,0.40625,0.6538461538461539,2.8125,12,2.3774658252012792,2.423076923076923,8,0.11764705882352941,0.058823529411764705,0.35294117647058826,0.17647058823529413,0.17647058823529413,0.11764705882352941,0.9208762166321623,0.47058823529411764,13,0.7647058823529411,0.0,0.5294117647058824,0.0,0.47058823529411764,,,,12.333333333333334,9,3,0.0,0.2222222222222222,0.2222222222222222,0.0,0.2222222222222222,0.0,9,0.5294117647058824,0.2222222222222222,1.0,0.0,0.0,1.0,0.17647058823529413,0,0.0,0.0,0.0,0,0.0,0,0,1.0,1.0,0.49019607843137253,0.11764705882352941,0.39215686274509803,0.5843137254901961,0.47335786280804415,0.0784313725490196,0.2549019607843137,0.0,18,0.35294117647058826,71.19999999999999,5.799999999999999,5.799999999999999,16.4,17,0,2,2,6,0.5,0.11764705882352941,-0.9916316520429012,0.355320171178814,-0.07972410051791008,-0.009003530075820247,0.07715167498104596,,0.329914439536929,0.20070159743467123
G020-R1,20,1,102001,2026-01-15,64,deep,broad,none,none,balanced,1.0,urgency_opposed,0.5,mixed,deadline_only,0.75,same,sparse,some,completion_heavy,mixed,64,64,36,23,13,13,0,13,0.015625,0.40625,0.5652173913043478,2.8125,12,2.3774658252012792,2.423076923076923,8,0.15384615384615385,0.3076923076923077,0.23076923076923078,0.07692307692307693,0.15384615384615385,0.07692307692307693,0.9329350879565487,0.3076923076923077,10,0.7692307692307693,0.0,0.5384615384615384,0.0,0.46153846153846156,,,,8.285714285714286,7,3,0.0,0.14285714285714285,0.5714285714285714,0.0,0.2857142857142857,0.0,7,0.5384615384615384,0.2857142857142857,1.0,0.0,0.0,1.0,0.23076923076923078,0,0.0,0.0,0.0,0,0.0,0,0,1.0,1.0,0.5490196078431373,0.0392156862745098,0.4117647058823529,0.5803921568627451,0.48709608016389766,0.058823529411764705,0.2549019607843137,0.0,16,0.3137254901960784,66.8,4.0,9.2,10.799999999999999,13,0,1,4,5,0.25,0.3076923076923077,-0.9819805060619657,0.031164899666948576,0.1574074074074074,0.2331018406825042,0.17407765595569785,,-0.26111648393354675,-0.06851218875734179
G021-R0,21,0,102100,2026-01-15,64,medium,broad,sparse,fan_in,short,0.75,urgency_aligned,0.75,urgent,both,0.5,before,sparse,many,mixed,mixed,64,64,60,60,35,34,1,6,0.015625,0.40625,0.5833333333333334,2.203125,6,0.904497227400394,2.423076923076923,8,0.42857142857142855,0.3142857142857143,0.14285714285714285,0.05714285714285714,0.05714285714285714,0.0,0.7434002108152737,0.11428571428571428,25,0.7142857142857143,0.7142857142857143,0.7142857142857143,0.7142857142857143,0.2857142857142857,2.12,2,1.0703270528207722,1.96,2,0,0.36,0.84,1.0,0.0,0.8,0.92,17,0.4857142857142857,0.7058823529411764,1.0,1.0,0.0,0.0,0.22857142857142856,10,0.00248015873015873,0.02857142857142857,0.15625,10,0.15625,1,1,0.984375,0.84375,0.0625,0.046875,0.890625,0.090625,0.27370076612059385,0.015625,0.40625,0.02857142857142857,3,0.046875,82.6,50.8,59.4,59.4,35,9,21,25,25,0.08,0.4857142857142857,0.9738899005850397,-0.4313618959367457,-0.4393615327633299,-0.013918451454041742,0.010984700727621794,,-0.11766968108291041,0.13155853915906912
G021-R1,21,1,102101,2026-01-15,64,medium,broad,sparse,fan_in,short,0.75,urgency_aligned,0.75,urgent,both,0.5,before,sparse,many,mixed,mixed,64,64,56,56,32,31,1,6,0.015625,0.40625,0.5714285714285714,2.203125,6,0.904497227400394,2.423076923076923,8,0.375,0.375,0.125,0.09375,0.0,0.03125,0.7399286796164046,0.125,22,0.6875,0.625,0.625,0.625,0.375,1.8,1.5,0.9273618495495703,1.7,1.5,0,0.5,0.95,1.0,0.0,0.75,0.9,13,0.40625,0.6153846153846154,1.0,1.0,0.0,0.0,0.25,10,0.00248015873015873,0.03125,0.15625,10,0.15625,1,1,0.984375,0.84375,0.125,0.0625,0.8125,0.153125,0.34048162120002895,0.03125,0.40625,0.03125,4,0.0625,82.4,39.0,40.0,40.0,32,10,19,20,20,0.1,0.40625,0.948220864048848,-0.03385435192746522,0.22406008843554256,-0.19809939189832723,-0.06922053026462129,-0.31005787637549886,-0.04260229138326129,-0.0016885753767131165
G022-R0,22,0,102200,2026-01-15,16,deep,narrow,sparse,chain,short,1.0,urgency_opposed,0.25,relaxed,mixed,0.25,after,dense,none,fresh,mixed,16,16,16,11,11,8,3,38,0.0625,0.3125,1.0,2.625,4,1.3169567191065923,3,3,0.5454545454545454,0.2727272727272727,0.09090909090909091,0.09090909090909091,0.0,0.0,0.6256143259879202,0.09090909090909091,8,0.7272727272727273,0.18181818181818182,0.18181818181818182,0.09090909090909091,0.7272727272727273,36,36,0.0,25.5,25.5,15,0.0,0.0,0.0,0.0,0.0,0.5,2,0.18181818181818182,0.0,1.0,0.0,1.0,0.0,0.7272727272727273,3,0.02727272727272727,0.2727272727272727,0.2727272727272727,1,0.2727272727272727,1,3,0.7272727272727273,0.7272727272727273,0.0,0.0,1.0,0.0,0.0,0.0,0.0,0.2727272727272727,0,0.0,24.0,0,0,0,11,0,0,0,0,0.0,0.0,-1.0,0.31298431857438064,-1.0,0.052198590130782825,-0.5455447255899809,,,
G022-R1,22,1,102201,2026-01-15,16,deep,narrow,sparse,chain,short,1.0,urgency_opposed,0.25,relaxed,mixed,0.25,after,dense,none,fresh,mixed,16,16,16,11,11,8,3,32,0.0625,0.3125,1.0,2.625,4,1.3169567191065923,3,3,0.2727272727272727,0.45454545454545453,0.09090909090909091,0.09090909090909091,0.09090909090909091,0.0,0.7627759615770443,0.18181818181818182,8,0.7272727272727273,0.18181818181818182,0.18181818181818182,0.09090909090909091,0.7272727272727273,30,30,0.0,26.5,26.5,23,0.0,0.0,0.0,0.0,0.0,0.5,2,0.18181818181818182,0.0,1.0,0.0,1.0,0.0,0.7272727272727273,3,0.02727272727272727,0.2727272727272727,0.2727272727272727,1,0.2727272727272727,1,3,0.7272727272727273,0.7272727272727273,0.0,0.0,1.0,0.0,0.0,0.0,0.0,0.2727272727272727,0,0.0,41.0,0,0,0,11,0,0,0,0,0.0,0.0,-1.0,-0.16953317256112285,,-0.07392212709545729,0.2727723627949905,,,
G023-R0,23,0,102300,2026-01-15,32,medium,narrow,moderate,fan_out,balanced,0.0,none,0.25,compressed,release_only,0.5,before,dense,some,early,homogeneous,32,32,32,27,22,11,11,2,0.3125,0.3125,0.8148148148148148,2.4375,5,2.0300477211139643,2.2,3,0.09090909090909091,0.18181818181818182,0.2727272727272727,0.13636363636363635,0.18181818181818182,0.13636363636363635,0.9686784727578369,0.45454545454545453,0,0.0,0.2727272727272727,0.0,0.0,0.7272727272727273,,,,,,,0.0,0.0,0.0,0.0,0.0,0.5,0,0.0,0.0,0.0,,,,0.7272727272727273,11,0.01566951566951567,0.5,0.4074074074074074,1,0.4074074074074074,11,1,0.5925925925925926,0.9629629629629629,0.0,0.37037037037037035,0.6296296296296297,0.07407407407407408,0.09658077637337258,0.0,0.18518518518518517,0.5,10,0.37037037037037035,162.0,0,0,0,22,0,0,0,0,0.0,0.0,,,,0.2900042818271907,,,,
G023-R1,23,1,102301,2026-01-15,32,medium,narrow,moderate,fan_out,balanced,0.0,none,0.25,compressed,release_only,0.5,before,dense,some,early,homogeneous,32,32,32,27,22,11,11,2,0.0625,0.3125,0.8148148148148148,3.65625,5,1.6318964236433635,3,3,0.13636363636363635,0.2727272727272727,0.18181818181818182,0.09090909090909091,0.18181818181818182,0.13636363636363635,0.9686784727578369,0.40909090909090906,0,0.0,0.2727272727272727,0.0,0.0,0.7272727272727273,,,,,,,0.0,0.0,0.0,0.0,0.0,0.5,0,0.0,0.0,0.0,,,,0.7272727272727273,11,0.01566951566951567,0.5,0.4074074074074074,1,0.4074074074074074,11,1,0.5925925925925926,0.9629629629629629,0.0,0.3333333333333333,0.6666666666666666,0.06666666666666667,0.09428090415820634,0.0,0.18518518518518517,0.5,9,0.3333333333333333,152.60000000000002,0,0,0,22,0,0,0,0,0.0,0.0,,,,0.0031324388581615383,,,,
G024-R0,24,0,102400,2026-01-15,256,flat,balanced,sparse,chain,bimodal,0.25,duration_opposed,0.0,mixed,both,1.0,mixed,sparse,none,mixed,homogeneous,256,256,256,256,256,192,64,10,1.0,0.0,1.0,0,0,0.0,,0,0.30078125,0.1484375,0.05078125,0.05078125,0.1484375,0.30078125,0.8883424156231747,0.5,48,0.1875,0.0,0.0,0.0,1.0,,,,,,,0.0,0.0,0.0,0.0,0.0,0.0,256,1.0,0.984375,0.0,,,,0.25,64,0.000980392156862745,0.25,0.25,1,0.25,1,64,0.75,0.75,0.0,0.5,0.5,0.3,0.3,0.0,0.0,0.25,128,0.5,1229.0000000000002,0,0,0,256,0,0,0,0,0.0,1.0,,,,,,,,
G024-R1,24,1,102401,2026-01-15,256,flat,balanced,sparse,chain,bimodal,0.25,duration_opposed,0.0,mixed,both,1.0,mixed,sparse,none,mixed,homogeneous,256,256,256,256,256,192,64,10,1.0,0.0,1.0,0,0,0.0,,0,0.30078125,0.1484375,0.05078125,0.05078125,0.1484375,0.30078125,0.8883424156231747,0.5,48,0.1875,0.0,0.0,0.0,1.0,,,,,,,0.0,0.0,0.0,0.0,0.0,0.0,256,1.0,0.984375,0.0,,,,0.25,64,0.000980392156862745,0.25,0.25,1,0.25,1,64,0.75,0.75,0.0,0.5,0.5,0.3,0.3,0.0,0.0,0.25,128,0.5,1229.0000000000002,0,0,0,256,0,0,0,0,0.0,1.0,,,,,,,,
G025-R0,25,0,102500,2026-01-15,128,shallow,narrow,heavy,random_dag,uniform,0.75,duration_opposed,0.75,mixed,mixed,1.0,same,dense,many,completion_heavy,mixed,128,128,84,84,49,24,25,37,0.203125,0.3046875,0.5833333333333334,1.375,2,0.8003905296791061,2.6153846153846154,3,0.12244897959183673,0.1836734693877551,0.22448979591836735,0.14285714285714285,0.1836734693877551,0.14285714285714285,0.9884139801310635,0.4693877551020408,15,0.30612244897959184,0.3673469387755102,0.42857142857142855,0.14285714285714285,0.3469387755102041,10.857142857142858,7,4.453844933748542,12,8,1,0.09523809523809523,0.14285714285714285,0.47619047619047616,0.0,0.4285714285714286,0.7222222222222222,21,0.42857142857142855,0.4285714285714286,1.0,0.0,0.0,1.0,0.7959183673469388,67,0.004121555118110236,0.5102040816326531,0.5234375,4,0.5234375,5,4,0.65625,0.6796875,0.34375,0.0859375,0.5703125,0.4125,0.4781147874726319,0.03125,0.3046875,0.5102040816326531,33,0.2578125,288.8,22.0,94.0,99.0,49,2,3,10,12,0.4,0.20408163265306123,-0.7650368522374495,0.9571162043197412,0.043209759596155015,-0.08166644733381823,-0.36313651960128146,-0.04450523259556592,0.8660254037844387,-0.001824400486291694
G025-R1,25,1,102501,2026-01-15,128,shallow,narrow,heavy,random_dag,uniform,0.75,duration_opposed,0.75,mixed,mixed,1.0,same,dense,many,completion_heavy,mixed,128,128,74,74,41,20,21,37,0.40625,0.3046875,0.5540540540540541,0.9921875,2,0.8970097350886165,1.9487179487179487,3,0.24390243902439024,0.14634146341463414,0.14634146341463414,0.14634146341463414,0.14634146341463414,0.17073170731707318,0.9883595446745629,0.46341463414634143,10,0.24390243902439024,0.4634146341463415,0.43902439024390244,0.21951219512195122,0.3170731707317073,10.222222222222221,7,7.420359047584,10.11111111111111,6.0,2,0.0,0.3333333333333333,0.6111111111111112,0.0,0.38888888888888884,0.736842105263158,18,0.43902439024390244,0.38888888888888884,1.0,0.0,0.0,1.0,0.6585365853658537,67,0.004121555118110236,0.5121951219512195,0.5234375,5,0.5234375,4,3,0.65625,0.6484375,0.421875,0.0625,0.515625,0.471875,0.48908995529963606,0.046875,0.3046875,0.5121951219512195,32,0.25,255.6,16.2,59.8,84.8,41,0,6,11,14,0.36363636363636365,0.2682926829268293,-0.41039134083406165,0.9723448696087955,-0.24763291224170772,0.11405645131656944,0.2842676218074806,-0.0047321128524128895,0.8528028654224418,-0.2137613554407777
G026-R0,26,0,102600,2026-01-15,32,shallow,broad,moderate,layered,uniform,0.0,none,0.5,urgent,mixed,0.0,none,none,some,mixed,homogeneous,32,32,32,29,25,13,12,5,0.03125,0.21875,0.8620689655172413,1.75,2,0.5,4.428571428571429,6,0.2,0.16,0.2,0.16,0.12,0.16,0.9922346846492687,0.44,0,0.0,0.32,0.32,0.16,0.52,1.75,1.5,0.82915619758885,1.875,2.0,0,0.375,0.875,1.0,0.0,0.375,0.75,0,0.0,0.0,0.0,,,,0.0,12,0.014778325123152709,0.48,0.41379310344827586,1,0.41379310344827586,1,3,0.5862068965517241,0.5862068965517241,0.0,0.3793103448275862,0.6206896551724138,0.2275862068965517,0.29112925405800594,0.0,0.13793103448275862,0.48,11,0.3793103448275862,103.4,16.2,22.6,22.6,25,3,7,8,8,0.25,0.0,,,0.18751465015433733,,,-0.7217537410428051,,-0.06415002990995841
G026-R1,26,1,102601,2026-01-15,32,shallow,broad,moderate,layered,uniform,0.0,none,0.5,urgent,mixed,0.0,none,none,some,mixed,homogeneous,32,32,32,29,25,13,12,5,0.03125,0.21875,0.8620689655172413,1.75,2,0.5,4.428571428571429,6,0.16,0.12,0.16,0.16,0.2,0.2,0.9922346846492687,0.56,0,0.0,0.32,0.32,0.16,0.52,1.25,1.0,0.4330127018922193,1.75,1.5,1,0.5,0.875,1.0,0.0,0.625,0.75,0,0.0,0.0,0.0,,,,0.0,12,0.014778325123152709,0.48,0.41379310344827586,1,0.41379310344827586,1,3,0.5862068965517241,0.5862068965517241,0.0,0.4827586206896552,0.5172413793103449,0.28965517241379307,0.29982158785219526,0.0,0.13793103448275862,0.48,14,0.4827586206896552,118.80000000000001,29.0,30.0,30.0,25,4,7,8,8,0.375,0.0,,,-0.07443314476960543,,,-0.24480912329673307,,-0.12344267996967354
G027-R0,27,0,102700,2026-01-15,32,flat,balanced,heavy,fan_out,long,0.75,random,0.75,overdue_mixed,deadline_only,0.25,same,sparse,none,fresh,homogeneous,32,32,32,32,32,8,24,23,1.0,0.0,1.0,0,0,0.0,,0,0.03125,0.0625,0.125,0.25,0.28125,0.25,0.8881980271295309,0.78125,6,0.1875,0.0,0.75,0.0,0.25,,,,-1.0833333333333333,-0.5,-14,0.125,0.20833333333333334,0.375,0.5,0.45833333333333337,0.0,8,0.25,0.125,1.0,0.0,0.0,1.0,0.25,24,0.024193548387096774,0.75,0.75,1,0.75,24,1,0.25,0.96875,0.0,0.0,1.0,0.0,0.0,0.0,0.0,0.75,0,0.0,421.0,208.0,280.0,336.0,32,15,17,21,24,0.7619047619047619,0.25,0.5270462766947299,-0.7944613465542745,-0.18135261852402496,,,0.15950541386935285,,
G027-R1,27,1,102701,2026-01-15,32,flat,balanced,heavy,fan_out,long,0.75,random,0.75,overdue_mixed,deadline_only,0.25,same,sparse,none,fresh,homogeneous,32,32,32,32,32,8,24,23,1.0,0.0,1.0,0,0,0.0,,0,0.03125,0.0625,0.125,0.25,0.28125,0.25,0.8881980271295309,0.78125,6,0.1875,0.0,0.75,0.0,0.25,,,,-1.25,0.0,-14,0.041666666666666664,0.25,0.4166666666666667,0.5,0.29166666666666663,0.0,8,0.25,0.125,1.0,0.0,0.0,1.0,0.25,24,0.024193548387096774,0.75,0.75,1,0.75,24,1,0.25,0.96875,0.0,0.0,1.0,0.0,0.0,0.0,0.0,0.75,0,0.0,421.0,244.0,312.0,336.0,32,13,18,22,24,0.7727272727272727,0.25,0.8660254037844387,-0.3086066999241838,0.11463712753142581,,,0.3419389226556547,,
G028-R0,28,0,102800,2026-01-15,128,medium,balanced,none,none,bimodal,0.25,duration_opposed,1.0,compressed,deadline_only,0.25,before,sparse,none,completion_heavy,homogeneous,128,128,64,0,0,0,0,,0.0078125,0.5,0.0,6.0078125,7,1.372133909224515,1.984375,2,0.0,0.0,0.0,0.0,0.0,0.0,,0.0,0,0.0,0.0,0.0,0.0,0.0,,,,,,,0.0,0.0,0.0,0.0,0.0,0.0,0,0.0,0.0,0.0,,,,0.0,0,0.0,0.0,0.0,0,0.0,0,0,1.0,1.0,1.0,0.0,0.0,1.0,0.0,0.0,0.0,0.0,34,0.53125,0,0,0,0,0,0,0,0,0,0.0,0.0,,,,,,,,
G028-R1,28,1,102801,2026-01-15,128,medium,balanced,none,none,bimodal,0.25,duration_opposed,1.0,compressed,deadline_only,0.25,before,sparse,none,completion_heavy,homogeneous,128,128,64,0,0,0,0,,0.0078125,0.5,0.0,6.0078125,7,1.372133909224515,1.984375,2,0.0,0.0,0.0,0.0,0.0,0.0,,0.0,0,0.0,0.0,0.0,0.0,0.0,,,,,,,0.0,0.0,0.0,0.0,0.0,0.0,0,0.0,0.0,0.0,,,,0.0,0,0.0,0.0,0.0,0,0.0,0,0,1.0,1.0,1.0,0.0,0.0,1.0,0.0,0.0,0.0,0.0,29,0.453125,0,0,0,0,0,0,0,0,0,0.0,0.0,,,,,,,,
G029-R0,29,0,102900,2026-01-15,16,deep,narrow,heavy,random_dag,uniform,0.75,urgency_aligned,0.25,compressed,release_only,0.75,mixed,sparse,none,advanced,homogeneous,16,16,16,11,11,5,6,10,0.0625,0.3125,1.0,2.625,4,1.3169567191065923,3,3,0.2727272727272727,0.18181818181818182,0.2727272727272727,0.18181818181818182,0.0,0.09090909090909091,0.863173161693871,0.2727272727272727,4,0.36363636363636365,0.2727272727272727,0.0,0.0,0.7272727272727273,,,,,,,0.0,0.0,0.0,0.0,0.0,0.33333333333333337,8,0.7272727272727273,0.5,0.0,,,,0.2727272727272727,8,0.07272727272727272,0.5454545454545454,0.7272727272727273,2,0.7272727272727273,2,4,0.45454545454545453,0.45454545454545453,0.0,0.2727272727272727,0.7272727272727273,0.2181818181818182,0.35628941713209866,0.0,0.0,0.5454545454545454,3,0.2727272727272727,27.0,0,0,0,11,0,0,0,0,0.0,0.7272727272727273,,0.9486832980505138,,-0.15303334194571,0.7745966692414834,,0.7745966692414834,
G029-R1,29,1,102901,2026-01-15,16,deep,narrow,heavy,random_dag,uniform,0.75,urgency_aligned,0.25,compressed,release_only,0.75,mixed,sparse,none,advanced,homogeneous,16,16,16,11,11,5,6,10,0.0625,0.3125,1.0,2.625,4,1.3169567191065923,3,3,0.2727272727272727,0.18181818181818182,0.09090909090909091,0.2727272727272727,0.09090909090909091,0.09090909090909091,0.933510035736515,0.45454545454545453,4,0.36363636363636365,0.2727272727272727,0.0,0.0,0.7272727272727273,,,,,,,0.0,0.0,0.0,0.0,0.0,0.33333333333333337,8,0.7272727272727273,0.5,0.0,,,,0.2727272727272727,8,0.07272727272727272,0.5454545454545454,0.7272727272727273,2,0.7272727272727273,2,2,0.45454545454545453,0.45454545454545453,0.0,0.45454545454545453,0.5454545454545454,0.36363636363636365,0.39834367818557537,0.0,0.0,0.5454545454545454,5,0.45454545454545453,23.799999999999997,0,0,0,11,0,0,0,0,0.0,0.7272727272727273,,0.8,,-0.23409441861117394,0.10540925533894598,,0.8944271909999159,
G030-R0,30,0,103000,2026-01-15,128,flat,balanced,sparse,layered,uniform,1.0,urgency_opposed,1.0,overdue_mixed,release_only,0.5,after,none,none,mixed,mixed,128,128,114,114,114,84,30,21,1.0,0.0,1.0,0,0,0.0,,0,0.18421052631578946,0.16666666666666666,0.14912280701754385,0.15789473684210525,0.15789473684210525,0.18421052631578946,0.9982069496830941,0.5,84,0.7368421052631579,1.0,0.0,0.0,0.0,,,,,,,0.0,0.0,0.0,0.0,0.0,0.8771929824561404,0,0.0,0.0,0.0,,,,0.0,32,0.001968503937007874,0.2631578947368421,0.25,1,0.25,1,3,0.75,0.75,0.109375,0.3671875,0.5234375,0.2890625,0.3706485816696862,0.0,0.0,0.2631578947368421,53,0.4140625,671.0,0,0,0,114,0,0,0,0,0.0,0.0,,-0.06690542437281126,,,,,0.08716626187384797,
G030-R1,30,1,103001,2026-01-15,128,flat,balanced,sparse,layered,uniform,1.0,urgency_opposed,1.0,overdue_mixed,release_only,0.5,after,none,none,mixed,mixed,128,128,108,108,108,82,26,21,1.0,0.0,1.0,0,0,0.0,,0,0.17592592592592593,0.16666666666666666,0.14814814814814814,0.1574074074074074,0.18518518518518517,0.16666666666666666,0.998562007757213,0.5092592592592593,82,0.7592592592592593,1.0,0.0,0.0,0.0,,,,,,,0.0,0.0,0.0,0.0,0.0,0.8703703703703703,0,0.0,0.0,0.0,,,,0.0,32,0.001968503937007874,0.24074074074074073,0.25,1,0.25,1,3,0.75,0.75,0.15625,0.296875,0.546875,0.3265625,0.40145913066431804,0.0,0.0,0.24074074074074073,46,0.359375,650.2,0,0,0,108,0,0,0,0,0.0,0.0,,-0.018812062178149576,,,,,0.1518656867245881,
G031-R0,31,0,103100,2026-01-15,32,deep,narrow,sparse,fan_in,short,0.0,none,0.75,relaxed,both,1.0,after,none,many,advanced,homogeneous,32,32,32,32,22,21,1,68,0.0625,0.3125,0.6875,4.875,8,2.7128168017763383,3,3,0.36363636363636365,0.36363636363636365,0.13636363636363635,0.09090909090909091,0.045454545454545456,0.0,0.7623217339756118,0.13636363636363635,0,0.0,0.7272727272727273,0.7272727272727273,0.7272727272727273,0.2727272727272727,36.1875,32.0,16.978732100778316,36.1875,32.0,14,0.0,0.0,0.0,0.0,0.1875,0.9375,16,0.7272727272727273,0.1875,1.0,0.0,1.0,0.0,0.0,6,0.006048387096774193,0.045454545454545456,0.1875,6,0.1875,1,1,0.96875,0.8125,0.0,0.09375,0.90625,0.07500000000000001,0.2331844763272204,0.0,0.3125,0.045454545454545456,3,0.09375,42.4,0,0,1.0,22,0,0,0,1,0.0,0.0,,,0.008565637851877354,-0.19983597399084393,,0.11227033562762664,,0.020543367886679462
G031-R1,31,1,103101,2026-01-15,32,deep,narrow,sparse,fan_in,short,0.0,none,0.75,relaxed,both,1.0,after,none,many,advanced,homogeneous,32,32,32,32,22,21,1,67,0.1875,0.3125,0.6875,3.875,8,2.8476964374736293,2.6,3,0.4090909090909091,0.3181818181818182,0.18181818181818182,0.045454545454545456,0.045454545454545456,0.0,0.7372480105600221,0.09090909090909091,0,0.0,0.7272727272727273,0.7272727272727273,0.7272727272727273,0.2727272727272727,36.875,32.5,17.485261650887583,36.875,32.5,14,0.0,0.0,0.0,0.0,0.125,0.9375,16,0.7272727272727273,0.125,1.0,0.0,1.0,0.0,0.0,6,0.006048387096774193,0.045454545454545456,0.1875,6,0.1875,1,1,0.96875,0.8125,0.0,0.0625,0.9375,0.05,0.19364916731037085,0.0,0.3125,0.045454545454545456,2,0.0625,43.8,0,0,2.0,22,0,0,0,1,0.0,0.0,,,0.31836227316377486,0.26005144576818023,,,,
G032-R0,32,0,103200,2026-01-15,256,deep,balanced,sparse,fan_out,bimodal,1.0,duration_aligned,0.5,relaxed,mixed,0.5,mixed,none,none,mixed,mixed,256,256,235,107,107,75,32,73,0.00390625,0.5,1.0,8.89453125,12,1.700358812949031,1.9921875,2,0.2897196261682243,0.16822429906542055,0.056074766355140186,0.04672897196261682,0.1308411214953271,0.308411214953271,0.8887160197220532,0.4859813084112149,75,0.7009345794392523,0.3644859813084112,0.3364485981308411,0.18691588785046728,0.48598130841121495,37.65,32.0,15.53793744356052,37.138888888888886,31.0,18,0.0,0.0,0.0,0.0,0.3055555555555556,0.9743589743589743,55,0.514018691588785,0.6363636363636364,0.34545454545454546,0.3157894736842105,0.3684210526315789,0.3157894736842105,0.0,32,0.001968503937007874,0.29906542056074764,0.25,1,0.25,32,1,0.75,0.9921875,0.1640625,0.3515625,0.484375,0.3453125,0.39028422635785576,0.0,0.0,0.29906542056074764,58,0.453125,660.6,0,0,0,107,0,0,0,0,0.0,0.3364485981308411,-0.33823578104912827,-0.9652275876055462,-0.0018863464133701358,0.00015212902384926483,0.02124127495515924,-0.03202652000105347,-0.7905124773664063,-0.17236227588595981
G032-R1,32,1,103201,2026-01-15,256,deep,balanced,sparse,fan_out,bimodal,1.0,duration_aligned,0.5,relaxed,mixed,0.5,mixed,none,none,mixed,mixed,256,256,241,113,113,81,32,72,0.00390625,0.5,1.0,8.89453125,12,1.700358812949031,1.9921875,2,0.2920353982300885,0.1592920353982301,0.05309734513274336,0.04424778761061947,0.1504424778761062,0.3008849557522124,0.8886541209668275,0.4955752212389381,81,0.7168141592920354,0.336283185840708,0.336283185840708,0.168141592920354,0.49557522123893805,38.78947368421053,38,16.011768525117365,39.3421052631579,35.0,15,0.0,0.0,0.0,0.0,0.3157894736842105,0.9736842105263158,61,0.5398230088495575,0.639344262295082,0.3770491803278688,0.34782608695652173,0.30434782608695654,0.34782608695652173,0.0,32,0.001968503937007874,0.2831858407079646,0.25,1,0.25,32,1,0.75,0.9921875,0.1171875,0.328125,0.5546875,0.271875,0.36377738298992696,0.0,0.0,0.2831858407079646,48,0.375,813.0,0,0,0,113,0,0,0,0,0.0,0.336283185840708,0.014252317589480987,-0.9696268105624544,0.05186659790888139,-0.025498158396562963,-0.05190115751959802,-0.36865267191255097,-0.7261279599740881,-0.01535370838576154
G033-R0,33,0,103300,2026-01-15,64,shallow,broad,moderate,chain,balanced,0.75,urgency_opposed,1.0,compressed,deadline_only,1.0,before,none,none,fresh,mixed,64,64,64,55,55,27,28,9,0.015625,0.140625,1.0,1.84375,2,0.4038389994787527,7,8,0.10909090909090909,0.16363636363636364,0.2727272727272727,0.23636363636363636,0.10909090909090909,0.10909090909090909,0.9580378748939717,0.45454545454545453,20,0.36363636363636365,0.0,1.0,0.0,0.0,,,,4.109090909090909,3,1,0.07272727272727272,0.5272727272727272,0.9272727272727272,0.0,0.8545454545454545,0.0,55,1.0,0.8545454545454545,1.0,1.0,0.0,0.0,0.0,28,0.009427609427609427,0.509090909090909,0.509090909090909,1,0.509090909090909,1,28,0.4909090909090909,0.4909090909090909,0.0,0.0,1.0,0.0,0.0,0.0,0.0,0.509090909090909,0,0.0,428.0,220.0,387.0,428.0,55,4,29,51,55,0.43137254901960786,1.0,-0.9848476085314293,-0.2724216792244263,0.05823198217802336,,,-0.05881967526503194,,
G033-R1,33,1,103301,2026-01-15,64,shallow,broad,moderate,chain,balanced,0.75,urgency_opposed,1.0,compressed,deadline_only,1.0,before,none,none,fresh,mixed,64,64,64,55,55,27,28,9,0.015625,0.140625,1.0,1.84375,2,0.4038389994787527,7,8,0.09090909090909091,0.21818181818181817,0.2545454545454545,0.18181818181818182,0.16363636363636364,0.09090909090909091,0.9613951908219911,0.4363636363636364,20,0.36363636363636365,0.0,1.0,0.0,0.0,,,,4.054545454545455,4,1,0.12727272727272726,0.4909090909090909,0.9272727272727272,0.0,0.8545454545454545,0.0,55,1.0,0.8545454545454545,1.0,1.0,0.0,0.0,0.0,28,0.009427609427609427,0.509090909090909,0.509090909090909,1,0.509090909090909,1,28,0.4909090909090909,0.4909090909090909,0.0,0.0,1.0,0.0,0.0,0.0,0.0,0.509090909090909,0,0.0,429.0,207.0,377.0,429.0,55,7,27,51,55,0.43137254901960786,1.0,-0.9721691118086849,-0.3053265449734441,0.06769528621810518,,,-0.006401607746031971,,
G034-R0,34,0,103400,2026-01-15,16,deep,broad,sparse,random_dag,balanced,1.0,duration_aligned,0.75,urgent,both,0.0,none,none,none,completion_heavy,mixed,16,16,12,5,5,4,1,3,0.0625,0.4375,1.0,1.6875,4,0.9164298936634487,2.142857142857143,6,0.0,0.2,0.2,0.2,0.2,0.2,0.8982444017039273,0.6000000000000001,4,0.8,0.8,0.8,0.8,0.2,1.5,1.5,0.5,1.25,1.5,0,0.5,1.0,1.0,0.0,0.25,0.5,0,0.0,0.0,0.0,,,,0.0,2,0.027777777777777776,0.2,0.2222222222222222,1,0.2222222222222222,1,1,0.7777777777777778,0.7777777777777778,0.4444444444444444,0.3333333333333333,0.2222222222222222,0.7111111111111111,0.3899984172174277,0.0,0.0,0.2,5,0.5555555555555556,15.599999999999998,13.999999999999998,13.999999999999998,13.999999999999998,5,2,4,4,4,0.5,0.0,-0.5,-1.0,0.31622776601683794,,,0.4970501217477084,-0.7745966692414834,-0.6534973783646051
G034-R1,34,1,103401,2026-01-15,16,deep,broad,sparse,random_dag,balanced,1.0,duration_aligned,0.75,urgent,both,0.0,none,none,none,completion_heavy,mixed,16,16,9,2,2,1,1,2,0.0625,0.4375,1.0,1.75,4,0.9682458365518543,2.142857142857143,6,0.0,0.5,0.0,0.5,0.0,0.0,0.3868528072345416,0.5,1,0.5,1.0,1.0,1.0,0.0,1,1.0,0.0,0.5,0.5,0,1.0,1.0,1.0,0.0,0.0,0.0,0,0.0,0.0,0.0,,,,0.0,2,0.027777777777777776,0.5,0.2222222222222222,1,0.2222222222222222,1,1,0.7777777777777778,0.7777777777777778,0.7777777777777778,0.1111111111111111,0.1111111111111111,0.8666666666666667,0.31269438398822863,0.0,0.0,0.5,2,0.2222222222222222,3.5999999999999996,3.5999999999999996,3.5999999999999996,3.5999999999999996,2,2,2,2,2,0.5,0.0,,,1.0,-1.0,,-0.3313667478318056,,-0.6067880364121376
G035-R0,35,0,103500,2026-01-15,256,deep,narrow,heavy,layered,long,0.25,urgency_opposed,0.25,mixed,both,0.75,same,dense,none,advanced,mixed,256,256,247,170,170,45,125,39,0.15234375,0.30078125,1.0,9.01953125,12,4.444493759729384,2.8181818181818183,3,0.029411764705882353,0.052941176470588235,0.11764705882352941,0.2647058823529412,0.25882352941176473,0.27647058823529413,0.8752086802197244,0.8,11,0.06470588235294118,0.22941176470588234,0.22941176470588234,0.22941176470588234,0.7705882352941177,13.58974358974359,7,9.689322562962056,12.333333333333334,7,1,0.05128205128205128,0.15384615384615385,0.5128205128205128,0.0,0.6153846153846154,0.8205128205128205,39,0.22941176470588234,0.6153846153846154,1.0,0.0,0.0,1.0,0.7411764705882353,134,0.0042056368087376814,0.7352941176470589,0.7486033519553073,1,0.7486033519553073,1,3,0.25139664804469275,0.25139664804469275,0.05027932960893855,0.6368715083798883,0.3128491620111732,0.5167597765363129,0.36486563433612534,0.0,0.0,0.7352941176470589,121,0.6759776536312849,963.8000000000001,56.8,149.2,182.0,170,2,6,20,28,0.8,0.11764705882352941,,-0.3948884908713275,-0.12177652986528349,-0.013184330484202738,0.23904572186687872,0.23884461003870716,-0.024017375651380207,-0.3420036487742115
G035-R1,35,1,103501,2026-01-15,256,deep,narrow,heavy,layered,long,0.25,urgency_opposed,0.25,mixed,both,0.75,same,dense,none,advanced,mixed,256,256,248,171,171,45,126,39,0.2890625,0.30078125,1.0,7.40234375,12,5.216245130056287,2.3636363636363638,3,0.017543859649122806,0.05263157894736842,0.12280701754385964,0.2807017543859649,0.30994152046783624,0.21637426900584794,0.8563295533270312,0.8070175438596491,11,0.06432748538011696,0.23391812865497075,0.23391812865497075,0.23391812865497075,0.7660818713450293,13.625,9.0,9.021328893239621,12.175,9.0,1,0.025,0.225,0.425,0.0,0.675,0.825,40,0.23391812865497075,0.675,1.0,0.0,0.0,1.0,0.7485380116959064,134,0.0042056368087376814,0.7368421052631579,0.7486033519553073,1,0.7486033519553073,1,3,0.25139664804469275,0.25139664804469275,0.0446927374301676,0.6703910614525139,0.2849162011173184,0.5519553072625698,0.36407697358566454,0.0,0.0,0.7368421052631579,125,0.6983240223463687,833.8,44.8,77.6,116.0,171,1,9,17,28,0.7647058823529411,0.09941520467836257,,0.37756281262632396,0.013129028749223712,-0.019922032483036013,0.38729833462074165,-0.1504801381433175,0.49808363628096947,-0.17805040269926736
G036-R0,36,0,103600,2026-01-15,32,medium,narrow,none,none,balanced,1.0,random,0.0,relaxed,both,0.75,mixed,dense,none,early,mixed,32,32,32,22,22,22,0,10,0.1875,0.3125,1.0,3.03125,5,1.9281528563627937,2.6,3,0.045454545454545456,0.22727272727272727,0.3181818181818182,0.13636363636363635,0.18181818181818182,0.09090909090909091,0.9159880227642565,0.40909090909090906,22,1.0,0.0,0.0,0.0,1.0,,,,,,,0.0,0.0,0.0,0.0,0.0,0.0,16,0.7272727272727273,0.75,0.0,,,,0.7272727272727273,0,0.0,0.0,0.0,0,0.0,0,0,1.0,1.0,0.0,0.18181818181818182,0.8181818181818182,0.027272727272727275,0.0616575453011388,0.0,0.0,0.0,4,0.18181818181818182,164.6,0,0,0,22,0,0,0,0,0.0,0.7272727272727273,,-0.11073105705894729,,0.011542857782695004,0.2655635182606607,,0.05376822501679597,
G036-R1,36,1,103601,2026-01-15,32,medium,narrow,none,none,balanced,1.0,random,0.0,relaxed,both,0.75,mixed,dense,none,early,mixed,32,32,32,22,22,22,0,10,0.125,0.3125,1.0,3.34375,5,1.813308009550501,2.8,3,0.09090909090909091,0.2727272727272727,0.2727272727272727,0.13636363636363635,0.18181818181818182,0.045454545454545456,0.9202359289475054,0.36363636363636365,22,1.0,0.0,0.0,0.0,1.0,,,,,,,0.0,0.0,0.0,0.0,0.0,0.0,16,0.7272727272727273,0.75,0.0,,,,0.7272727272727273,0,0.0,0.0,0.0,0,0.0,0,0,1.0,1.0,0.0,0.18181818181818182,0.8181818181818182,0.029545454545454545,0.06852187923491516,0.0,0.0,0.0,4,0.18181818181818182,140.4,0,0,0,22,0,0,0,0,0.0,0.7272727272727273,,-0.4039404610945215,,-0.18023200591976157,0.10157612345438272,,-0.2779088999414623,
G037-R0,37,0,103700,2026-01-15,128,flat,balanced,heavy,chain,balanced,0.25,urgency_aligned,0.75,overdue_mixed,release_only,1.0,same,dense,none,early,homogeneous,128,128,128,128,128,32,96,21,1.0,0.0,1.0,0,0,0.0,,0,0.1015625,0.203125,0.25,0.1953125,0.1484375,0.1015625,0.9694595033637399,0.4453125,8,0.0625,0.75,0.0,0.0,0.25,,,,,,,0.0,0.0,0.0,0.0,0.0,0.8541666666666666,0,0.0,0.0,0.0,,,,0.75,96,0.005905511811023622,0.75,0.75,1,0.75,1,96,0.25,0.25,0.0,0.4453125,0.5546875,0.0890625,0.09940005580355576,0.0,0.0,0.75,57,0.4453125,845.8000000000001,0,0,0,128,0,0,0,0,0.0,0.0,,0.42431256434776293,,,,,0.1690308509457033,
G037-R1,37,1,103701,2026-01-15,128,flat,balanced,heavy,chain,balanced,0.25,urgency_aligned,0.75,overdue_mixed,release_only,1.0,same,dense,none,early,homogeneous,128,128,128,128,128,32,96,21,1.0,0.0,1.0,0,0,0.0,,0,0.1015625,0.203125,0.25,0.1953125,0.1484375,0.1015625,0.9694595033637399,0.4453125,8,0.0625,0.75,0.0,0.0,0.25,,,,,,,0.0,0.0,0.0,0.0,0.0,0.8541666666666666,0,0.0,0.0,0.0,,,,0.75,96,0.005905511811023622,0.75,0.75,1,0.75,1,96,0.25,0.25,0.0,0.4453125,0.5546875,0.0890625,0.09940005580355576,0.0,0.0,0.75,57,0.4453125,845.8000000000001,0,0,0,128,0,0,0,0,0.0,0.0,,0.05039526306789696,,,,,-0.1259881576697424,
G038-R0,38,0,103800,2026-01-15,16,deep,balanced,heavy,fan_in,uniform,0.5,duration_opposed,1.0,urgent,deadline_only,0.75,before,dense,none,fresh,mixed,16,16,16,8,8,7,1,5,0.0625,0.5,1.0,2.8125,4,1.2358574958303243,1.875,3,0.0,0.375,0.25,0.125,0.125,0.125,0.8339150226079424,0.375,4,0.5,0.0,1.0,0.0,0.0,,,,1.5,1.5,0,0.5,1.0,1.0,0.0,0.5,0.0,6,0.75,0.33333333333333337,1.0,1.0,0.0,0.0,0.75,6,0.10714285714285714,0.125,0.75,6,0.75,1,1,0.875,0.25,0.0,0.0,1.0,0.0,0.0,0.0,0.0,0.125,0,0.0,62.0,62.0,62.0,62.0,8,4,8,8,8,0.375,0.75,-0.4,1.0,-0.2767350329846452,0.0642907371957728,0.2581988897471611,0.50709255283711,,
G038-R1,38,1,103801,2026-01-15,16,deep,balanced,heavy,fan_in,uniform,0.5,duration_opposed,1.0,urgent,deadline_only,0.75,before,dense,none,fresh,mixed,16,16,16,8,8,7,1,4,0.0625,0.5,1.0,2.75,4,1.25,1.875,2,0.25,0.375,0.0,0.125,0.125,0.125,0.8339150226079424,0.375,4,0.5,0.0,1.0,0.0,0.0,,,,1.75,1.5,1,0.5,1.0,1.0,0.0,0.625,0.0,6,0.75,0.5,1.0,1.0,0.0,0.0,0.75,6,0.10714285714285714,0.125,0.75,6,0.75,1,1,0.875,0.25,0.0,0.0,1.0,0.0,0.0,0.0,0.0,0.125,0,0.0,56.0,56.0,56.0,56.0,8,4,8,8,8,0.375,0.75,0.6324555320336759,1.0,0.503852946644629,0.2651992909325628,0.2581988897471611,0.3563483225498992,,
G039-R0,39,0,103900,2026-01-15,16,flat,balanced,moderate,random_dag,uniform,0.0,none,0.0,overdue_mixed,both,0.25,mixed,none,some,mixed,homogeneous,16,16,16,16,16,10,6,10,1.0,0.0,1.0,0,0,0.0,,0,0.1875,0.1875,0.1875,0.1875,0.125,0.125,0.9908376325554371,0.4375,0,0.0,0.0,0.0,0.0,1.0,,,,,,,0.0,0.0,0.0,0.0,0.0,0.0,4,0.25,0.0,0.0,,,,0.0,8,0.03333333333333333,0.375,0.5,2,0.5,2,3,0.625,0.625,0.0,0.4375,0.5625,0.2625,0.29764702249476643,0.0,0.0,0.375,7,0.4375,62.6,0,0,0,16,0,0,0,0,0.0,0.25,,,,,,,,
G039-R1,39,1,103901,2026-01-15,16,flat,balanced,moderate,random_dag,uniform,0.0,none,0.0,overdue_mixed,both,0.25,mixed,none,some,mixed,homogeneous,16,16,16,16,16,11,5,10,1.0,0.0,1.0,0,0,0.0,,0,0.1875,0.1875,0.1875,0.1875,0.125,0.125,0.9908376325554371,0.4375,0,0.0,0.0,0.0,0.0,1.0,,,,,,,0.0,0.0,0.0,0.0,0.0,0.0,4,0.25,0.0,0.0,,,,0.0,8,0.03333333333333333,0.3125,0.5,2,0.5,2,2,0.6875,0.625,0.0,0.4375,0.5625,0.2625,0.29764702249476643,0.0,0.0,0.3125,7,0.4375,62.6,0,0,0,16,0,0,0,0,0.0,0.25,,,,,,,,
G040-R0,40,0,104000,2026-01-15,256,shallow,narrow,moderate,fan_out,short,0.25,duration_opposed,0.5,compressed,mixed,0.5,after,sparse,many,mixed,mixed,256,256,240,240,163,73,90,12,0.2890625,0.30078125,0.6791666666666667,1.21875,2,0.8654614015078893,2.3636363636363638,3,0.4171779141104294,0.3128834355828221,0.147239263803681,0.0736196319018405,0.03067484662576687,0.018404907975460124,0.7717555570876301,0.1226993865030675,18,0.11042944785276074,0.3496932515337423,0.34355828220858897,0.17177914110429449,0.4785276073619632,4.642857142857143,3.5,1.9496205805651687,4.053571428571429,3.0,1,0.10714285714285714,0.5357142857142857,0.8571428571428571,0.0,0.8571428571428572,0.9473684210526316,56,0.34355828220858897,0.8571428571428572,1.0,0.0,1.0,0.0,0.2392638036809816,90,0.0013786764705882354,0.5521472392638037,0.3515625,1,0.3515625,90,1,0.6484375,0.99609375,0.0625,0.05078125,0.88671875,0.090625,0.270253786976242,0.0,0.30078125,0.5521472392638037,14,0.0546875,410.0,53.6,94.0,109.0,163,6,30,48,56,0.10416666666666667,0.2331288343558282,0.5,0.8727026453040824,-0.13237877555085314,0.03020966439498538,0.37056498639919355,0.15833179071114178,0.6381603785878085,-0.09936291977876122
G040-R1,40,1,104001,2026-01-15,256,shallow,narrow,moderate,fan_out,short,0.25,duration_opposed,0.5,compressed,mixed,0.5,after,sparse,many,mixed,mixed,256,256,242,242,165,75,90,12,0.25390625,0.30078125,0.6818181818181818,1.28125,2,0.8425917976695477,2.4805194805194803,3,0.4121212121212121,0.3393939393939394,0.17575757575757575,0.030303030303030304,0.030303030303030304,0.012121212121212121,0.7272436233189649,0.07272727272727272,19,0.11515151515151516,0.3333333333333333,0.3393939393939394,0.1696969696969697,0.49696969696969695,4.535714285714286,3.0,1.8800103126074081,4,3.0,1,0.07142857142857142,0.5178571428571429,0.9107142857142857,0.0,0.8571428571428572,0.9454545454545454,56,0.3393939393939394,0.8571428571428572,1.0,0.0,1.0,0.0,0.24848484848484848,90,0.0013786764705882354,0.5454545454545454,0.3515625,1,0.3515625,90,1,0.6484375,0.99609375,0.0546875,0.04296875,0.90234375,0.07734375,0.24959806556930184,0.0,0.30078125,0.5454545454545454,15,0.05859375,376.0,74.0,121.2,131.2,165,4,29,51,56,0.0784313725490196,0.24848484848484848,-0.1926686588971131,0.8939366907211851,0.059728267290648486,0.03300668293624186,0.08606629658238704,0.11337032133125192,0.7576099001791702,-0.16449977145361505
G041-R0,41,0,104100,2026-01-15,128,shallow,broad,moderate,fan_in,bimodal,0.75,duration_aligned,1.0,compressed,release_only,0.0,none,sparse,some,fresh,mixed,128,128,128,121,115,114,1,2,0.0078125,0.1015625,0.9504132231404959,1.890625,2,0.33620991861484395,9.76923076923077,12,0.2956521739130435,0.1565217391304348,0.043478260869565216,0.043478260869565216,0.14782608695652175,0.3130434782608696,0.8758869636463482,0.5043478260869565,86,0.7478260869565218,1.0,0.0,0.0,0.0,,,,,,,0.0,0.0,0.0,0.0,0.0,0.9739130434782609,0,0.0,0.0,0.0,,,,0.25217391304347825,58,0.003994490358126722,0.008695652173913044,0.4793388429752066,58,0.4793388429752066,1,1,0.9917355371900827,0.5206611570247934,0.0,0.0,1.0,0.0,0.0,0.0,0.049586776859504134,0.008695652173913044,0,0.0,1266.0,0,0,0,115,0,0,0,0,0.0,0.0,,-0.9599607284764266,,,,,,
G041-R1,41,1,104101,2026-01-15,128,shallow,broad,moderate,fan_in,bimodal,0.75,duration_aligned,1.0,compressed,release_only,0.0,none,sparse,some,fresh,mixed,128,128,128,121,115,114,1,2,0.0078125,0.1015625,0.9504132231404959,1.890625,2,0.33620991861484395,9.76923076923077,12,0.2956521739130435,0.14782608695652175,0.06086956521739131,0.043478260869565216,0.14782608695652175,0.30434782608695654,0.8897542313447109,0.4956521739130435,86,0.7478260869565218,1.0,0.0,0.0,0.0,,,,,,,0.0,0.0,0.0,0.0,0.0,0.9739130434782609,0,0.0,0.0,0.0,,,,0.25217391304347825,58,0.003994490358126722,0.008695652173913044,0.4793388429752066,58,0.4793388429752066,1,1,0.9917355371900827,0.5206611570247934,0.0,0.0,1.0,0.0,0.0,0.0,0.049586776859504134,0.008695652173913044,0,0.0,1248.0,0,0,0,115,0,0,0,0,0.0,0.0,,-0.9627576083150462,,,,,,
G042-R0,42,0,104200,2026-01-15,32,medium,balanced,moderate,fan_out,long,0.5,urgency_opposed,0.75,urgent,both,0.0,none,none,many,advanced,homogeneous,32,32,32,32,16,8,8,5,0.03125,0.5,0.5,4.03125,5,1.2865743031399313,1.9375,2,0.0625,0.0,0.1875,0.1875,0.375,0.1875,0.8275159330075961,0.75,4,0.25,0.75,0.75,0.75,0.25,2,2.0,1.0,1.9166666666666667,2.0,0,0.4166666666666667,0.9166666666666666,1.0,0.0,0.5833333333333333,0.8333333333333334,0,0.0,0.0,0.0,,,,0.0,8,0.008064516129032258,0.5,0.25,1,0.25,8,1,0.75,0.96875,0.0,0.375,0.625,0.30000000000000004,0.3872983346207417,0.0,0.5,0.5,12,0.375,51.39999999999999,34.599999999999994,36.199999999999996,36.199999999999996,16,5,11,12,12,0.75,0.0,,0.31622776601683794,0.4293709966175154,,,0.25291477786283517,0.0,0.05759122837209067
G042-R1,42,1,104201,2026-01-15,32,medium,balanced,moderate,fan_out,long,0.5,urgency_opposed,0.75,urgent,both,0.0,none,none,many,advanced,homogeneous,32,32,32,32,16,8,8,5,0.03125,0.5,0.5,4.03125,5,1.2865743031399313,1.9375,2,0.0625,0.0625,0.1875,0.3125,0.1875,0.1875,0.9218145574751188,0.6875,4,0.25,0.75,0.75,0.75,0.25,1.9166666666666667,2.0,0.9537935951882998,1.75,2.0,0,0.4166666666666667,0.9166666666666666,1.0,0.0,0.5833333333333333,0.8333333333333334,0,0.0,0.0,0.0,,,,0.0,8,0.008064516129032258,0.5,0.25,1,0.25,8,1,0.75,0.96875,0.0,0.34375,0.65625,0.275,0.37996710383926663,0.0,0.5,0.5,11,0.34375,46.99999999999999,33.99999999999999,34.99999999999999,34.99999999999999,16,5,11,12,12,0.6666666666666666,0.0,-0.8660254037844387,-0.6324555320336759,0.2399412278190225,,,-0.07559289460184544,-0.7745966692414834,0.13176156917368248
G043-R0,43,0,104300,2026-01-15,64,flat,balanced,heavy,fan_out,bimodal,0.0,none,0.75,mixed,both,0.75,same,sparse,some,advanced,homogeneous,64,64,64,64,64,16,48,39,1.0,0.0,1.0,0,0,0.0,,0,0.296875,0.15625,0.046875,0.046875,0.15625,0.296875,0.8863185729614214,0.5,0,0.0,0.75,0.75,0.75,0.25,13.416666666666666,8.5,8.97411400764567,11.9375,8.5,1,0.0625,0.22916666666666666,0.4791666666666667,0.0,0.6458333333333333,0.8541666666666666,48,0.75,0.6458333333333333,1.0,0.0,0.0,1.0,0.25,48,0.011904761904761904,0.75,0.75,1,0.75,48,1,0.25,0.984375,0.0,0.5,0.5,0.4,0.4,0.0,0.0,0.75,32,0.5,178.99999999999997,25.799999999999997,68.6,88.19999999999999,64,3,11,23,32,0.4782608695652174,0.359375,,,0.07369547472397957,,,0.2996124679930265,,-0.01824580483362894
G043-R1,43,1,104301,2026-01-15,64,flat,balanced,heavy,fan_out,bimodal,0.0,none,0.75,mixed,both,0.75,same,sparse,some,advanced,homogeneous,64,64,64,64,64,16,48,39,1.0,0.0,1.0,0,0,0.0,,0,0.296875,0.15625,0.046875,0.046875,0.15625,0.296875,0.8863185729614214,0.5,0,0.0,0.75,0.75,0.75,0.25,13.604166666666666,8.5,9.395787139576026,12.25,8.5,1,0.041666666666666664,0.1875,0.4583333333333333,0.0,0.6458333333333333,0.8541666666666666,48,0.75,0.6458333333333333,1.0,0.0,0.0,1.0,0.25,48,0.011904761904761904,0.75,0.75,1,0.75,48,1,0.25,0.984375,0.0,0.5,0.5,0.4,0.4,0.0,0.0,0.75,32,0.5,178.99999999999997,19.799999999999997,66.6,93.19999999999999,64,2,9,22,34,0.5,0.34375,,,0.05079495456793216,,,-0.03901713758335996,,0.04083311506991639
G044-R0,44,0,104400,2026-01-15,16,deep,broad,sparse,fan_out,uniform,1.0,random,0.25,urgent,mixed,0.5,before,dense,many,completion_heavy,mixed,16,16,12,12,6,4,2,2,0.0625,0.4375,0.5,1.6875,4,0.9164298936634487,2.142857142857143,6,0.5,0.16666666666666666,0.16666666666666666,0.0,0.16666666666666666,0.0,0.6934264036172707,0.16666666666666666,3,0.5,0.0,0.16666666666666666,0.0,0.8333333333333334,,,,0,0,0,1.0,1.0,1.0,0.0,0.0,0.0,1,0.16666666666666666,0.0,1.0,1.0,0.0,0.0,0.6666666666666666,2,0.008333333333333333,0.3333333333333333,0.125,1,0.125,2,1,0.875,0.9375,0.25,0.0625,0.6875,0.3,0.4472135954999579,0.0625,0.4375,0.3333333333333333,3,0.1875,12.2,2.0,2.0,2.0,6,1,1,1,1,0.0,0.16666666666666666,,,,-0.3607042096811741,0.8660254037844387,,,
G044-R1,44,1,104401,2026-01-15,16,deep,broad,sparse,fan_out,uniform,1.0,random,0.25,urgent,mixed,0.5,before,dense,many,completion_heavy,mixed,16,16,11,11,5,5,0,,0.0625,0.4375,0.45454545454545453,1.6875,4,0.9164298936634487,2.142857142857143,6,0.2,0.4,0.0,0.2,0.0,0.2,0.7435032788101106,0.4,4,0.8,0.0,0.0,0.0,1.0,,,,,,,0.0,0.0,0.0,0.0,0.0,0.0,0,0.0,0.0,0.0,,,,0.8,2,0.008333333333333333,0.0,0.125,1,0.125,2,1,0.875,0.9375,0.3125,0.125,0.5625,0.4125,0.47153340284650036,0.0625,0.4375,0.0,5,0.3125,11.399999999999999,0,0,0,5,0,0,0,0,0.0,0.0,,0.0,,-0.18136906252750293,,,0.4472135954999579,
G045-R0,45,0,104500,2026-01-15,16,shallow,balanced,none,none,bimodal,0.5,duration_aligned,0.75,mixed,release_only,1.0,same,sparse,many,early,homogeneous,16,16,16,16,12,12,0,6,0.0625,0.25,0.75,1.6875,2,0.582961190818051,3.75,4,0.3333333333333333,0.16666666666666666,0.08333333333333333,0.08333333333333333,0.08333333333333333,0.25,0.911188669681059,0.41666666666666663,6,0.5,0.75,0.0,0.0,0.25,,,,,,,0.0,0.0,0.0,0.0,0.0,0.5555555555555556,0,0.0,0.0,0.0,,,,0.25,0,0.0,0.0,0.0,0,0.0,0,0,1.0,1.0,0.0,0.3125,0.6875,0.0625,0.09270248108869579,0.0,0.25,0.0,5,0.3125,88.80000000000001,0,0,0,12,0,0,0,0,0.0,0.0,,-0.8280786712108251,,,,,,
G045-R1,45,1,104501,2026-01-15,16,shallow,balanced,none,none,bimodal,0.5,duration_aligned,0.75,mixed,release_only,1.0,same,sparse,many,early,homogeneous,16,16,16,16,12,12,0,6,0.0625,0.25,0.75,1.6875,2,0.582961190818051,3.75,4,0.3333333333333333,0.16666666666666666,0.0,0.0,0.16666666666666666,0.3333333333333333,0.7420981285103057,0.5,6,0.5,0.75,0.0,0.0,0.25,,,,,,,0.0,0.0,0.0,0.0,0.0,0.6666666666666667,0,0.0,0.0,0.0,,,,0.25,0,0.0,0.0,0.0,0,0.0,0,0,1.0,1.0,0.0,0.375,0.625,0.07500000000000001,0.09682458365518543,0.0,0.25,0.0,6,0.375,110.4,0,0,0,12,0,0,0,0,0.0,0.0,,-0.8280786712108251,,,,,,
G046-R0,46,0,104600,2026-01-15,128,deep,balanced,heavy,fan_in,long,1.0,duration_opposed,0.5,urgent,release_only,0.25,same,sparse,some,early,mixed,128,128,128,96,64,63,1,1,0.0078125,0.5,0.6666666666666666,8.1328125,12,2.020871925640947,1.984375,2,0.015625,0.0625,0.09375,0.28125,0.25,0.296875,0.8505983656377075,0.828125,63,0.984375,0.5,0.0,0.0,0.5,,,,,,,0.0,0.0,0.0,0.0,0.0,0.9375,0,0.0,0.0,0.0,,,,0.25,48,0.005263157894736842,0.015625,0.5,48,0.5,1,1,0.9895833333333334,0.5,0.0,0.40625,0.59375,0.06822916666666667,0.09245488530073585,0.0,0.3333333333333333,0.015625,39,0.40625,782.6,0,0,0,64,0,0,0,0,0.0,0.0,,0.9654655125451029,,0.05443303866876296,0.09110377268127784,,0.3131040074600046,
G046-R1,46,1,104601,2026-01-15,128,deep,balanced,heavy,fan_in,long,1.0,duration_opposed,0.5,urgent,release_only,0.25,same,sparse,some,early,mixed,128,128,128,96,64,63,1,1,0.0078125,0.5,0.6666666666666666,8.7265625,12,2.1165820167415554,1.984375,2,0.015625,0.03125,0.15625,0.25,0.28125,0.265625,0.8476622042678689,0.796875,63,0.984375,0.5,0.0,0.0,0.5,,,,,,,0.0,0.0,0.0,0.0,0.0,0.9375,0,0.0,0.0,0.0,,,,0.25,48,0.005263157894736842,0.015625,0.5,48,0.5,1,1,0.9895833333333334,0.5,0.0,0.3645833333333333,0.6354166666666666,0.058333333333333334,0.08620067027323834,0.0,0.3333333333333333,0.015625,35,0.3645833333333333,777.4,0,0,0,64,0,0,0,0,0.0,0.0,,0.9695958784126074,,0.07757588775724274,0.08765081533159677,,0.3892354025340872,
G047-R0,47,0,104700,2026-01-15,32,medium,broad,sparse,chain,short,0.25,random,1.0,relaxed,both,0.0,none,dense,many,advanced,homogeneous,32,32,32,32,19,14,5,70,0.03125,0.40625,0.59375,2.03125,5,0.9180269263480239,2.3846153846153846,6,0.47368421052631576,0.3157894736842105,0.10526315789473684,0.05263157894736842,0.05263157894736842,0.0,0.7059355738072689,0.10526315789473684,4,0.21052631578947367,1.0,1.0,1.0,0.0,37.36842105263158,33,17.27246219097046,37.36842105263158,33,14,0.0,0.0,0.0,0.0,0.10526315789473684,0.9473684210526316,0,0.0,0.0,0.0,,,,0.7368421052631579,5,0.005040322580645161,0.2631578947368421,0.15625,1,0.15625,1,5,0.84375,0.84375,0.0,0.0625,0.9375,0.05,0.19364916731037085,0.0,0.40625,0.2631578947368421,2,0.0625,33.8,0,0,1.0,19,0,0,0,1,0.0,0.0,0.6324555320336759,-0.21081851067789195,-0.5556593746612916,0.20455586210782103,,0.40151319555177606,,-0.5014194675887622
G047-R1,47,1,104701,2026-01-15,32,medium,broad,sparse,chain,short,0.25,random,1.0,relaxed,both,0.0,none,dense,many,advanced,homogeneous,32,32,32,32,19,14,5,70,0.03125,0.40625,0.59375,2.03125,5,0.9180269263480239,2.3846153846153846,6,0.47368421052631576,0.3157894736842105,0.10526315789473684,0.05263157894736842,0.05263157894736842,0.0,0.7059355738072689,0.10526315789473684,4,0.21052631578947367,1.0,1.0,1.0,0.0,38,34,15.771393156765294,38,34,21,0.0,0.0,0.0,0.0,0.21052631578947367,0.9473684210526316,0,0.0,0.0,0.0,,,,0.7368421052631579,5,0.005040322580645161,0.2631578947368421,0.15625,1,0.15625,1,5,0.84375,0.84375,0.0,0.0625,0.9375,0.05,0.19364916731037085,0.0,0.40625,0.2631578947368421,2,0.0625,33.8,0,0,0,19,0,0,0,0,0.0,0.0,0.8,,0.2044794529772991,-0.5047482311751428,0.0,-0.4702975560131656,,-0.3453333309299696
G048-R0,48,0,104800,2026-01-15,256,flat,balanced,heavy,layered,uniform,0.25,duration_aligned,0.5,mixed,mixed,0.5,before,none,some,completion_heavy,mixed,256,256,109,109,109,41,68,39,1.0,0.0,1.0,0,0,0.0,,0,0.1651376146788991,0.14678899082568808,0.1834862385321101,0.22018348623853212,0.10091743119266056,0.1834862385321101,0.9855996959103998,0.5045871559633028,10,0.09174311926605505,0.3486238532110092,0.3669724770642202,0.1834862385321101,0.46788990825688076,16.7,12.0,10.421612159354233,13.625,10.0,1,0.075,0.2,0.375,0.0,0.6,0.8157894736842105,40,0.3669724770642202,0.6,1.0,1.0,0.0,0.0,0.0,192,0.0029411764705882353,0.6238532110091743,0.75,1,0.75,1,3,0.25,0.25,0.57421875,0.09765625,0.328125,0.65234375,0.4595284341974254,0.0,0.0,0.6238532110091743,97,0.37890625,677.1999999999999,60.8,86.6,137.2,109,3,8,15,24,0.5333333333333333,0.1743119266055046,1.0,-0.7977240352174656,-0.06761489506485943,,,-0.012110982542333167,,0.13670600309857
G048-R1,48,1,104801,2026-01-15,256,flat,balanced,heavy,layered,uniform,0.25,duration_aligned,0.5,mixed,mixed,0.5,before,none,some,completion_heavy,mixed,256,256,114,114,114,44,70,39,1.0,0.0,1.0,0,0,0.0,,0,0.18421052631578946,0.14912280701754385,0.18421052631578946,0.18421052631578946,0.14035087719298245,0.15789473684210525,0.9966140897071544,0.48245614035087714,11,0.09649122807017543,0.3157894736842105,0.38596491228070173,0.18421052631578946,0.4824561403508772,13.380952380952381,9,8.925491532289442,11.75,8.0,1,0.11363636363636363,0.22727272727272727,0.45454545454545453,0.0,0.6363636363636364,0.8055555555555556,44,0.38596491228070173,0.6363636363636364,1.0,1.0,0.0,0.0,0.0,192,0.0029411764705882353,0.6140350877192983,0.75,1,0.75,1,3,0.25,0.25,0.5546875,0.11328125,0.33203125,0.6453125,0.4590852615187619,0.0,0.0,0.6140350877192983,101,0.39453125,623.8,64.6,129.8,158.79999999999998,114,5,10,20,28,0.5,0.23684210526315788,-0.37142857142857144,-0.8366600265340756,0.07553886775880815,,,0.2319709210414746,,-0.0315361979954063
G049-R0,49,0,104900,2026-01-15,128,shallow,balanced,heavy,layered,long,0.75,random,0.0,relaxed,both,0.5,mixed,none,none,fresh,mixed,128,128,128,96,96,24,72,10,0.0546875,0.25,1.0,1.6953125,2,0.5667698186598771,3.78125,4,0.020833333333333332,0.041666666666666664,0.10416666666666667,0.25,0.3125,0.2708333333333333,0.8441445334663329,0.8333333333333333,18,0.1875,0.0,0.0,0.0,1.0,,,,,,,0.0,0.0,0.0,0.0,0.0,0.0,48,0.5,0.9166666666666666,0.0,,,,0.0,72,0.007894736842105263,0.75,0.75,1,0.75,1,3,0.25,0.25,0.0,0.0,1.0,0.0,0.0,0.0,0.0,0.75,0,0.0,1346.0,0,0,0,96,0,0,0,0,0.0,0.5,,-0.35895851901101455,,,,,,
G049-R1,49,1,104901,2026-01-15,128,shallow,balanced,heavy,layered,long,0.75,random,0.0,relaxed,both,0.5,mixed,none,none,fresh,mixed,128,128,128,96,96,24,72,10,0.0546875,0.25,1.0,1.6953125,2,0.5667698186598771,3.78125,4,0.020833333333333332,0.041666666666666664,0.10416666666666667,0.2708333333333333,0.28125,0.28125,0.84608642482437,0.8333333333333333,18,0.1875,0.0,0.0,0.0,1.0,,,,,,,0.0,0.0,0.0,0.0,0.0,0.0,48,0.5,0.9166666666666666,0.0,,,,0.0,72,0.007894736842105263,0.75,0.75,1,0.75,1,3,0.25,0.25,0.0,0.0,1.0,0.0,0.0,0.0,0.0,0.75,0,0.0,1338.0,0,0,0,96,0,0,0,0,0.0,0.5,,0.27370110099837236,,,,,,
G050-R0,50,0,105000,2026-01-15,64,medium,balanced,moderate,fan_in,uniform,0.25,random,0.0,compressed,both,1.0,mixed,sparse,none,early,homogeneous,64,64,64,32,32,31,1,10,0.015625,0.5,1.0,5.015625,6,1.3403845938293233,1.96875,2,0.1875,0.125,0.15625,0.15625,0.1875,0.1875,0.9943494588315953,0.53125,8,0.25,0.0,0.0,0.0,1.0,,,,,,,0.0,0.0,0.0,0.0,0.0,0.0,32,1.0,0.875,0.0,,,,0.25,16,0.016129032258064516,0.03125,0.5,16,0.5,1,1,0.96875,0.5,0.0,0.53125,0.46875,0.10625000000000001,0.09980449639169571,0.0,0.0,0.03125,17,0.53125,258.0,0,0,0,32,0,0,0,0,0.0,1.0,,0.09820572322804726,,,,,0.1690308509457033,
G050-R1,50,1,105001,2026-01-15,64,medium,balanced,moderate,fan_in,uniform,0.25,random,0.0,compressed,both,1.0,mixed,sparse,none,early,homogeneous,64,64,64,32,32,31,1,10,0.015625,0.5,1.0,4.71875,6,1.4412315697000257,1.96875,3,0.125,0.21875,0.09375,0.1875,0.15625,0.21875,0.9770781018065821,0.5625,8,0.25,0.0,0.0,0.0,1.0,,,,,,,0.0,0.0,0.0,0.0,0.0,0.0,32,1.0,0.875,0.0,,,,0.25,16,0.016129032258064516,0.03125,0.5,16,0.5,1,1,0.96875,0.5,0.0,0.5625,0.4375,0.1125,0.09921567416492215,0.0,0.0,0.03125,18,0.5625,266.8,0,0,0,32,0,0,0,0,0.0,1.0,,-0.37062465833055064,,0.3579534013208971,0.2182178902359924,,-0.2817180849095055,
G051-R0,51,0,105100,2026-01-15,32,flat,balanced,moderate,chain,short,0.5,duration_aligned,0.25,urgent,both,0.75,after,sparse,many,completion_heavy,homogeneous,32,32,0,0,0,0,0,,1.0,0.0,0.0,0,0,0.0,,0,0.0,0.0,0.0,0.0,0.0,0.0,,0.0,0,0.0,0.0,0.0,0.0,0.0,,,,,,,0.0,0.0,0.0,0.0,0.0,0.0,0,0.0,0.0,0.0,,,,0.0,16,0.016129032258064516,0.0,0.5,1,0.5,1,16,0.5,0.5,1.0,0.0,0.0,1.0,0.0,0.0,0.0,0.0,3,0.09375,0,0,0,0,0,0,0,0,0,0.0,0.0,,,,,,0.08778086039709793,,
G051-R1,51,1,105101,2026-01-15,32,flat,balanced,moderate,chain,short,0.5,duration_aligned,0.25,urgent,both,0.75,after,sparse,many,completion_heavy,homogeneous,32,32,0,0,0,0,0,,1.0,0.0,0.0,0,0,0.0,,0,0.0,0.0,0.0,0.0,0.0,0.0,,0.0,0,0.0,0.0,0.0,0.0,0.0,,,,,,,0.0,0.0,0.0,0.0,0.0,0.0,0,0.0,0.0,0.0,,,,0.0,16,0.016129032258064516,0.0,0.5,1,0.5,1,16,0.5,0.5,1.0,0.0,0.0,1.0,0.0,0.0,0.0,0.0,3,0.09375,0,0,0,0,0,0,0,0,0,0.0,0.0,,,,,,-0.09155216830332326,,
G052-R0,52,0,105200,2026-01-15,256,deep,balanced,sparse,random_dag,long,0.25,urgency_aligned,0.5,overdue_mixed,deadline_only,1.0,before,none,none,early,mixed,256,256,256,128,128,105,23,25,0.00390625,0.5,1.0,8.40234375,12,1.7156888578165732,1.9921875,2,0.0234375,0.0625,0.125,0.265625,0.2734375,0.25,0.8787194392965635,0.7890625,26,0.203125,0.0,0.5,0.0,0.5,,,,-1.40625,-1.0,-14,0.03125,0.203125,0.390625,0.515625,0.734375,0.0,64,0.5,0.734375,1.0,1.0,0.0,0.0,0.0,32,0.001968503937007874,0.1796875,0.25,3,0.25,4,2,0.8203125,0.8203125,0.0,0.6484375,0.3515625,0.121484375,0.10320708735769736,0.0,0.0,0.1796875,83,0.6484375,1437.0,537.2,685.6,745.2,128,35,46,58,64,0.8448275862068966,0.5,0.9870962335856491,-0.3861585463654263,-0.06434418106204606,0.03921801836170514,-0.13312804709405499,0.07198645723186835,-0.17156328938368762,-0.09295207664118944
G052-R1,52,1,105201,2026-01-15,256,deep,balanced,sparse,random_dag,long,0.25,urgency_aligned,0.5,overdue_mixed,deadline_only,1.0,before,none,none,early,mixed,256,256,256,128,128,102,26,25,0.00390625,0.5,1.0,8.89453125,12,1.700358812949031,1.9921875,2,0.0078125,0.0546875,0.1171875,0.21875,0.3359375,0.265625,0.8366782933925608,0.8203125,26,0.203125,0.0,0.5,0.0,0.5,,,,-1.421875,-2.0,-14,0.0625,0.234375,0.375,0.515625,0.75,0.0,64,0.5,0.75,1.0,1.0,0.0,0.0,0.0,32,0.001968503937007874,0.203125,0.25,3,0.25,2,3,0.796875,0.78125,0.0,0.59375,0.40625,0.1140625,0.10419661027955757,0.0,0.0,0.203125,76,0.59375,1558.2,558.0,685.6,762.0,128,37,48,57,64,0.8245614035087719,0.5,0.9896904462947894,0.1611692914848571,0.024672562628942237,0.028091654147909075,0.03435015444460029,0.12187577735147045,-0.15157468437742402,0.004835989616049017
G053-R0,53,0,105300,2026-01-15,128,medium,broad,none,none,balanced,0.0,none,0.25,urgent,deadline_only,0.5,after,none,many,advanced,mixed,128,128,115,115,71,71,0,6,0.0078125,0.40625,0.6173913043478261,2.2734375,7,0.863449149396622,2.4423076923076925,12,0.09859154929577464,0.18309859154929578,0.28169014084507044,0.19718309859154928,0.15492957746478872,0.08450704225352113,0.956615021751812,0.43661971830985913,0,0.0,0.0,0.2112676056338028,0.0,0.7887323943661971,,,,2,2,0,0.26666666666666666,0.9333333333333333,1.0,0.0,0.6666666666666667,0.0,15,0.2112676056338028,0.6666666666666667,1.0,0.0,1.0,0.0,0.0,0,0.0,0.0,0.0,0,0.0,0,0,1.0,1.0,0.1015625,0.21875,0.6796875,0.26484375,0.39599357707662064,0.0625,0.40625,0.0,33,0.2578125,263.4,50.2,54.2,54.2,71,4,14,15,15,0.5333333333333333,0.2112676056338028,,,0.009579176872327143,-0.030611800949520387,,,,0.23823070570071245
G053-R1,53,1,105301,2026-01-15,128,medium,broad,none,none,balanced,0.0,none,0.25,urgent,deadline_only,0.5,after,none,many,advanced,mixed,128,128,111,111,69,69,0,5,0.0078125,0.40625,0.6216216216216216,2.2734375,7,0.863449149396622,2.4423076923076925,12,0.10144927536231885,0.21739130434782608,0.2608695652173913,0.15942028985507245,0.17391304347826086,0.08695652173913043,0.9620391361175332,0.42028985507246375,0,0.0,0.0,0.2463768115942029,0.0,0.7536231884057971,,,,1.588235294117647,1,0,0.5882352941176471,1.0,1.0,0.0,0.7647058823529411,0.0,17,0.2463768115942029,0.7647058823529411,1.0,0.0,1.0,0.0,0.0,0,0.0,0.0,0.0,0,0.0,0,0,1.0,1.0,0.1328125,0.21875,0.6484375,0.2953125,0.41057493511385956,0.078125,0.40625,0.0,37,0.2890625,230.6,49.4,49.4,49.4,69,10,17,17,17,0.5294117647058824,0.2463768115942029,,,0.10867825963268532,0.07080802477509354,,,,-0.043227665706051875
G054-R0,54,0,105400,2026-01-15,64,flat,balanced,moderate,fan_in,balanced,0.25,urgency_aligned,0.75,overdue_mixed,mixed,0.25,mixed,sparse,many,mixed,mixed,64,64,54,54,54,53,1,23,1.0,0.0,1.0,0,0,0.0,,0,0.1111111111111111,0.2222222222222222,0.2222222222222222,0.2037037037037037,0.14814814814814814,0.09259259259259259,0.9710840907171923,0.4444444444444444,13,0.24074074074074073,0.5370370370370371,0.5555555555555556,0.2962962962962963,0.2037037037037037,7.4375,7.0,0.7043392293490403,-1.1,0.0,-14,0.16666666666666666,0.23333333333333334,0.3333333333333333,0.5,0.6333333333333333,0.6896551724137931,13,0.24074074074074073,0.3846153846153846,0.5384615384615384,0.42857142857142855,0.2857142857142857,0.2857142857142857,0.24074074074074073,32,0.007936507936507936,0.018518518518518517,0.5,32,0.5,1,1,0.984375,0.5,0.15625,0.296875,0.546875,0.321875,0.40096319578609707,0.0,0.0,0.018518518518518517,24,0.375,265.2,111.2,130.4,149.2,54,20,22,25,30,0.48,0.24074074074074073,0.9847741973570489,-0.15802572360206235,-0.4319808897155049,,,-0.058696902634451126,-0.029799343751178282,-0.2319957795091759
G054-R1,54,1,105401,2026-01-15,64,flat,balanced,moderate,fan_in,balanced,0.25,urgency_aligned,0.75,overdue_mixed,mixed,0.25,mixed,sparse,many,mixed,mixed,64,64,58,58,58,57,1,24,1.0,0.0,1.0,0,0,0.0,,0,0.10344827586206896,0.20689655172413793,0.2413793103448276,0.20689655172413793,0.15517241379310345,0.08620689655172414,0.9656118753083472,0.4482758620689655,14,0.2413793103448276,0.5172413793103449,0.4827586206896552,0.2413793103448276,0.2413793103448276,7.785714285714286,7.0,0.9394961741404219,-1.1785714285714286,0.0,-14,0.07142857142857142,0.25,0.2857142857142857,0.5,0.5714285714285714,0.7,13,0.22413793103448276,0.3846153846153846,0.38461538461538464,0.4,0.0,0.6,0.27586206896551724,32,0.007936507936507936,0.017241379310344827,0.5,32,0.5,1,1,0.984375,0.5,0.09375,0.328125,0.578125,0.253125,0.35221120705480113,0.0,0.0,0.017241379310344827,24,0.375,298.8,80.0,96.0,127.2,58,16,21,22,28,0.3181818181818182,0.20689655172413793,0.9822602327464778,0.4093288371979938,-0.24970410894632514,,,0.01957471044438431,0.5481438392511638,-0.07173583095861598
G055-R0,55,0,105500,2026-01-15,16,shallow,narrow,sparse,fan_in,long,0.75,urgency_aligned,0.5,mixed,deadline_only,0.5,mixed,sparse,none,mixed,homogeneous,16,16,16,11,11,10,1,35,0.3125,0.3125,1.0,1.125,2,0.8569568250501305,2.2,3,0.0,0.09090909090909091,0.18181818181818182,0.09090909090909091,0.2727272727272727,0.36363636363636365,0.8193845012292461,0.7272727272727273,8,0.7272727272727273,0.0,0.5454545454545454,0.0,0.45454545454545453,,,,10.833333333333334,6.5,3,0.0,0.16666666666666666,0.5,0.0,0.16666666666666663,0.0,6,0.5454545454545454,0.16666666666666663,0.6666666666666666,0.25,0.5,0.25,0.2727272727272727,3,0.02727272727272727,0.09090909090909091,0.2727272727272727,3,0.2727272727272727,1,1,0.9090909090909091,0.7272727272727273,0.0,0.7272727272727273,0.2727272727272727,0.43636363636363634,0.267217062849074,0.0,0.0,0.09090909090909091,8,0.7272727272727273,70.80000000000001,2.0,15.600000000000001,25.200000000000003,11,0,1,3,4,0.3333333333333333,0.2727272727272727,1.0,-0.5757201004700228,-0.6160411036336975,0.05521576303742327,0.1649572197684645,0.2656844656620286,-0.7559289460184544,-0.7351470441147051
G055-R1,55,1,105501,2026-01-15,16,shallow,narrow,sparse,fan_in,long,0.75,urgency_aligned,0.5,mixed,deadline_only,0.5,mixed,sparse,none,mixed,homogeneous,16,16,16,11,11,10,1,35,0.3125,0.3125,1.0,1.125,2,0.8569568250501305,2.2,3,0.0,0.09090909090909091,0.18181818181818182,0.09090909090909091,0.2727272727272727,0.36363636363636365,0.8193845012292461,0.7272727272727273,8,0.7272727272727273,0.0,0.5454545454545454,0.0,0.45454545454545453,,,,10.5,7.0,1,0.16666666666666666,0.16666666666666666,0.5,0.0,0.0,0.0,6,0.5454545454545454,0.0,0.5,0.3333333333333333,0.3333333333333333,0.3333333333333333,0.2727272727272727,3,0.02727272727272727,0.09090909090909091,0.2727272727272727,3,0.2727272727272727,1,1,0.9090909090909091,0.7272727272727273,0.0,0.7272727272727273,0.2727272727272727,0.43636363636363634,0.267217062849074,0.0,0.0,0.09090909090909091,8,0.7272727272727273,70.80000000000001,9.600000000000001,21.200000000000003,34.0,11,1,1,3,5,0.6666666666666666,0.45454545454545453,1.0,-0.012275715403505907,0.5554920598635309,-0.3865103412619629,-0.5773502691896257,0.3927922024247863,-0.1259881576697424,-0.13093073414159545
G056-R0,56,0,105600,2026-01-15,32,medium,broad,heavy,random_dag,uniform,0.5,urgency_opposed,0.5,compressed,both,0.5,same,dense,some,early,mixed,32,32,32,25,19,8,11,10,0.03125,0.40625,0.76,2.03125,5,0.9180269263480239,2.3846153846153846,6,0.21052631578947367,0.21052631578947367,0.15789473684210525,0.10526315789473684,0.21052631578947367,0.10526315789473684,0.9764110950379948,0.42105263157894735,4,0.21052631578947367,0.5263157894736842,0.5263157894736842,0.5263157894736842,0.47368421052631576,4.4,3.0,1.8547236990991407,3.9,3.0,1,0.2,0.6,0.9,0.0,0.30000000000000004,0.7,10,0.5263157894736842,0.30000000000000004,1.0,0.0,0.0,1.0,0.7368421052631579,14,0.023333333333333334,0.5789473684210527,0.56,2,0.56,3,3,0.56,0.64,0.0,0.24,0.76,0.036000000000000004,0.068585712797929,0.0,0.24,0.5789473684210527,6,0.24,136.8,34.2,60.800000000000004,61.800000000000004,19,2,6,9,10,0.3333333333333333,0.47368421052631576,,-0.6324555320336759,0.2595144628151896,-0.19562701126437496,0.2581988897471611,-0.03206182350266107,0.2581988897471611,0.11410886614690961
G056-R1,56,1,105601,2026-01-15,32,medium,broad,heavy,random_dag,uniform,0.5,urgency_opposed,0.5,compressed,both,0.5,same,dense,some,early,mixed,32,32,32,25,19,10,9,10,0.03125,0.40625,0.76,2.03125,5,0.9180269263480239,2.3846153846153846,6,0.2631578947368421,0.15789473684210525,0.10526315789473684,0.21052631578947367,0.10526315789473684,0.15789473684210525,0.9689890597188715,0.47368421052631576,5,0.2631578947368421,0.5263157894736842,0.5263157894736842,0.5263157894736842,0.47368421052631576,4.8,4.0,1.9390719429665315,4.3,4.0,1,0.2,0.4,0.8,0.0,0.4,0.7,10,0.5263157894736842,0.4,1.0,0.0,0.0,1.0,0.7368421052631579,14,0.023333333333333334,0.47368421052631576,0.56,2,0.56,4,3,0.64,0.76,0.0,0.32,0.68,0.066,0.10268398122394749,0.0,0.24,0.47368421052631576,8,0.32,133.8,37.8,61.2,63.2,19,2,4,8,10,0.625,0.42105263157894735,,0.41039134083406165,0.5989205299211608,-0.1080415651403653,0.7071067811865475,0.5461813876836124,0.0,0.49114443254381224
G057-R0,57,0,105700,2026-01-15,128,deep,broad,sparse,layered,balanced,0.25,duration_opposed,0.0,overdue_mixed,both,1.0,mixed,sparse,some,fresh,mixed,128,128,128,102,76,57,19,10,0.0078125,0.40625,0.7450980392156863,2.546875,12,1.749372097175155,2.4423076923076925,12,0.13157894736842105,0.15789473684210525,0.19736842105263158,0.2631578947368421,0.14473684210526316,0.10526315789473684,0.9748079485723607,0.513157894736842,14,0.18421052631578946,0.0,0.0,0.0,1.0,,,,,,,0.0,0.0,0.0,0.0,0.0,0.0,76,1.0,0.9473684210526316,0.0,,,,0.25,19,0.0018443020772665503,0.25,0.18627450980392157,1,0.18627450980392157,1,3,0.8137254901960784,0.8137254901960784,0.0,0.0,1.0,0.0,0.0,0.0,0.2549019607843137,0.25,0,0.0,622.0,0,0,0,76,0,0,0,0,0.0,1.0,,0.8593378488473195,,0.12971495010408488,-0.3759542863268877,,,
G057-R1,57,1,105701,2026-01-15,128,deep,broad,sparse,layered,balanced,0.25,duration_opposed,0.0,overdue_mixed,both,1.0,mixed,sparse,some,fresh,mixed,128,128,128,102,76,57,19,10,0.0078125,0.40625,0.7450980392156863,2.546875,12,1.749372097175155,2.4423076923076925,12,0.13157894736842105,0.19736842105263158,0.17105263157894737,0.19736842105263158,0.18421052631578946,0.11842105263157894,0.989928245893346,0.5,14,0.18421052631578946,0.0,0.0,0.0,1.0,,,,,,,0.0,0.0,0.0,0.0,0.0,0.0,76,1.0,0.9473684210526316,0.0,,,,0.25,19,0.0018443020772665503,0.25,0.18627450980392157,1,0.18627450980392157,1,3,0.8137254901960784,0.8137254901960784,0.0,0.0,1.0,0.0,0.0,0.0,0.2549019607843137,0.25,0,0.0,652.0,0,0,0,76,0,0,0,0,0.0,1.0,,0.9114654303752999,,-0.05413219139616808,-0.21623514507690272,,,
G058-R0,58,0,105800,2026-01-15,64,medium,broad,heavy,layered,short,0.25,urgency_aligned,0.25,overdue_mixed,release_only,0.25,same,none,none,completion_heavy,mixed,64,64,36,10,10,3,7,19,0.015625,0.40625,1.0,2.203125,6,0.904497227400394,2.423076923076923,8,0.3,0.5,0.1,0.1,0.0,0.0,0.6520308502568676,0.1,1,0.1,0.3,0.0,0.0,0.7,,,,,,,0.0,0.0,0.0,0.0,0.0,0.33333333333333337,0,0.0,0.0,0.0,,,,0.0,28,0.01991465149359886,0.7,0.7368421052631579,2,0.7368421052631579,1,3,0.2894736842105263,0.2631578947368421,0.7368421052631579,0.02631578947368421,0.23684210526315788,0.7578947368421053,0.4234144286551319,0.0,0.0,0.7,5,0.13157894736842105,18.6,0,0,0,10,0,0,0,0,0.0,0.0,,,,0.4520208666614098,,,,
G058-R1,58,1,105801,2026-01-15,64,medium,broad,heavy,layered,short,0.25,urgency_aligned,0.25,overdue_mixed,release_only,0.25,same,none,none,completion_heavy,mixed,64,64,44,18,18,7,11,20,0.015625,0.40625,1.0,2.203125,6,0.904497227400394,2.423076923076923,8,0.3333333333333333,0.3888888888888889,0.1111111111111111,0.05555555555555555,0.05555555555555555,0.05555555555555555,0.8144839959887403,0.16666666666666666,2,0.1111111111111111,0.2222222222222222,0.0,0.0,0.7777777777777778,,,,,,,0.0,0.0,0.0,0.0,0.0,0.0,0,0.0,0.0,0.0,,,,0.0,28,0.01991465149359886,0.6111111111111112,0.7368421052631579,2,0.7368421052631579,1,3,0.2894736842105263,0.2631578947368421,0.5263157894736842,0.05263157894736842,0.42105263157894735,0.5684210526315789,0.4867211798609218,0.0,0.0,0.6111111111111112,4,0.10526315789473684,44.0,0,0,0,18,0,0,0,0,0.0,0.0,,,,-0.06795598548701925,,,,
