scenario,family,seed,today,legacy_priority_linearized,legacy_priority_tie_count,item_count_total,item_count_visible,item_count_active,item_count_actionable,item_count_frontier,item_count_executable,item_count_blocked,temporal_span_days,hierarchy_root_fraction,hierarchy_parent_fraction,hierarchy_frontier_fraction,hierarchy_mean_depth,hierarchy_max_depth,hierarchy_depth_std,hierarchy_mean_branching,hierarchy_max_branching,duration_under_20_fraction,duration_under_1h_fraction,duration_under_4h_fraction,duration_under_8h_fraction,duration_under_16h_fraction,duration_over_16h_fraction,duration_entropy,duration_long_fraction,priority_count,priority_coverage_fraction,temporal_release_fraction,temporal_deadline_fraction,temporal_both_fraction,temporal_unconstrained_fraction,temporal_window_mean_days,temporal_window_median_days,temporal_window_std_days,deadline_slack_mean_days,deadline_slack_median_days,deadline_slack_min_days,deadline_within_1d_fraction,deadline_within_3d_fraction,deadline_within_7d_fraction,overdue_fraction,deadline_collision_index,release_collision_index,anchor_count,anchor_fraction,anchor_collision_index,anchor_with_deadline_fraction,anchor_before_deadline_fraction,anchor_after_deadline_fraction,anchor_deadline_same_day_fraction,expired_anchor_history_fraction,dependency_edge_count,dependency_density,dependency_blocked_fraction,dependency_mean_indegree,dependency_max_indegree,dependency_mean_outdegree,dependency_max_outdegree,dependency_longest_chain,dependency_root_fraction,dependency_sink_fraction,lifecycle_completed_fraction,lifecycle_commenced_fraction,lifecycle_unstarted_fraction,lifecycle_mean_progress,lifecycle_progress_std,lifecycle_residual_fraction,lifecycle_decomposed_parent_fraction,lifecycle_blocked_fraction,confirmed_progress_segment_count,confirmed_progress_segment_density,workload_mass_total,workload_mass_due_3d,workload_mass_due_7d,workload_mass_due_14d,pressure_frontier_count,pressure_due_1d_count,pressure_due_3d_count,pressure_due_7d_count,pressure_due_14d_count,pressure_long_due_7d_fraction,pressure_anchored_7d_fraction,corr_priority_deadline_urgency,corr_duration_priority,corr_duration_deadline_urgency,corr_hierarchy_depth_duration,corr_hierarchy_depth_priority,corr_dependency_depth_deadline_urgency,corr_progress_priority,corr_progress_deadline_urgency
micro_anchor_collision,micro,7,2026-09-20,False,0,4,4,4,3,3,3,0,2,0.25,0.25,1.0,0.75,1,0.4330127018922193,3,3,0.0,0.0,1.0,0.0,0.0,0.0,-0.0,0.0,3,1.0,0.0,1.0,0.0,0.0,,,,4,4,4,0.0,0.0,1.0,0.0,0.6666666666666667,0.0,3,1.0,0.6666666666666667,1.0,1.0,0.0,0.0,0.0,0,0.0,0.0,0.0,0,0.0,0,0,1.0,1.0,0.0,0.0,1.0,0.0,0.0,0.0,0.0,0.0,0,0.0,12.0,0,12.0,12.0,3,0,0,3,3,0.0,1.0,,,,,,,,
micro_anchored,micro,6,2026-09-20,False,0,3,3,3,2,1,1,0,9,0.3333333333333333,0.6666666666666666,0.5,1,2,0.816496580927726,1,1,0.0,1.0,0.0,0.0,0.0,0.0,-0.0,0.0,1,1.0,1.0,1.0,1.0,0.0,9,9,0.0,7,7,7,0.0,0.0,1.0,0.0,0.0,0.0,1,1.0,0.0,1.0,1.0,0.0,0.0,0.0,0,0.0,0.0,0.0,0,0.0,0,0,1.0,1.0,0.0,0.0,1.0,0.0,0.0,0.0,0.5,0.0,0,0.0,2.0,0,2.0,2.0,1,0,0,1,1,0.0,1.0,,,,,,,,
micro_completion_frees_capacity,micro,11,2026-09-20,False,0,3,3,2,1,1,1,0,0,0.3333333333333333,0.3333333333333333,1.0,0.6666666666666666,1,0.4714045207910317,2,2,0.0,0.0,1.0,0.0,0.0,0.0,-0.0,0.0,1,1.0,0.0,1.0,0.0,0.0,,,,8,8,8,0.0,0.0,0.0,0.0,0.0,0.0,0,0.0,0.0,0.0,,,,0.0,0,0.0,0.0,0.0,0,0.0,0,0,1.0,1.0,0.5,0.0,0.5,0.5,0.5,0.0,0.0,0.0,0,0.0,4.0,0,0,4.0,1,0,0,0,1,0.0,0.0,,,,,,,1.0,
micro_deep_frontier,micro,8,2026-09-20,False,0,5,5,5,4,1,1,0,0,0.2,0.8,0.25,2,4,1.4142135623730951,1,1,0.0,1.0,0.0,0.0,0.0,0.0,-0.0,0.0,1,1.0,0.0,1.0,0.0,0.0,,,,5,5,5,0.0,0.0,1.0,0.0,0.0,0.0,0,0.0,0.0,0.0,,,,0.0,0,0.0,0.0,0.0,0,0.0,0,0,1.0,1.0,0.0,0.0,1.0,0.0,0.0,0.0,0.75,0.0,0,0.0,2.0,0,2.0,2.0,1,0,0,1,1,0.0,0.0,,,,,,,,
micro_due_only,micro,2,2026-09-20,False,0,2,2,2,1,1,1,0,0,0.5,0.5,1.0,0.5,1,0.5,1,1,0.0,1.0,0.0,0.0,0.0,0.0,-0.0,0.0,1,1.0,0.0,1.0,0.0,0.0,,,,3,3,3,0.0,1.0,1.0,0.0,0.0,0.0,0,0.0,0.0,0.0,,,,0.0,0,0.0,0.0,0.0,0,0.0,0,0,1.0,1.0,0.0,0.0,1.0,0.0,0.0,0.0,0.0,0.0,0,0.0,2.0,2.0,2.0,2.0,1,0,1,1,1,0.0,0.0,,,,,,,,
micro_new_frontier,micro,9,2026-09-20,False,0,3,3,2,1,1,1,0,,0.3333333333333333,0.6666666666666666,1.0,1,2,0.816496580927726,1,1,0.0,1.0,0.0,0.0,0.0,0.0,-0.0,0.0,0,0.0,0.0,0.0,0.0,1.0,,,,,,,0.0,0.0,0.0,0.0,0.0,0.0,0,0.0,0.0,0.0,,,,0.0,0,0.0,0.0,0.0,0,0.0,0,0,1.0,1.0,0.5,0.0,0.5,0.5,0.5,0.5,0.5,0.0,0,0.0,2.0,0,0,0,1,0,0,0,0,0.0,0.0,,,,,,,,
micro_no_constraints,micro,5,2026-09-20,False,0,2,2,2,1,1,1,0,,0.5,0.5,1.0,0.5,1,0.5,1,1,1.0,0.0,0.0,0.0,0.0,0.0,-0.0,0.0,1,1.0,0.0,0.0,0.0,1.0,,,,,,,0.0,0.0,0.0,0.0,0.0,0.0,0,0.0,0.0,0.0,,,,0.0,0,0.0,0.0,0.0,0,0.0,0,0,1.0,1.0,0.0,0.0,1.0,0.0,0.0,0.0,0.0,0.0,0,0.0,1.0,0,0,0,1,0,0,0,0,0.0,0.0,,,,,,,,
micro_priority_vs_deadline,micro,10,2026-09-20,False,0,3,3,3,2,2,2,0,29,0.3333333333333333,0.3333333333333333,1.0,0.6666666666666666,1,0.4714045207910317,2,2,0.5,0.0,0.5,0.0,0.0,0.0,0.3868528072345416,0.0,2,1.0,0.0,1.0,0.0,0.0,,,,15.5,15.5,1,0.5,0.5,0.5,0.0,0.0,0.0,0,0.0,0.0,0.0,,,,0.0,0,0.0,0.0,0.0,0,0.0,0,0,1.0,1.0,0.0,0.0,1.0,0.0,0.0,0.0,0.0,0.0,0,0.0,5.0,1.0,1.0,1.0,2,1,1,1,1,0.0,0.0,-1.0,1.0,-1.0,,,,,
micro_release_and_due,micro,3,2026-09-20,False,0,3,3,3,2,1,1,0,4,0.3333333333333333,0.6666666666666666,0.5,1,2,0.816496580927726,1,1,0.0,0.0,1.0,0.0,0.0,0.0,-0.0,0.0,1,1.0,1.0,1.0,1.0,0.0,4,4,0.0,4,4,4,0.0,0.0,1.0,0.0,0.0,0.0,0,0.0,0.0,0.0,,,,0.0,0,0.0,0.0,0.0,0,0.0,0,0,1.0,1.0,0.0,0.0,1.0,0.0,0.0,0.0,0.5,0.0,0,0.0,4.0,0,4.0,4.0,1,0,0,1,1,0.0,0.0,,,,,,,,
micro_release_equals_due,micro,4,2026-09-20,False,0,2,2,2,1,1,1,0,0,0.5,0.5,1.0,0.5,1,0.5,1,1,0.0,1.0,0.0,0.0,0.0,0.0,-0.0,0.0,1,1.0,1.0,1.0,1.0,0.0,0,0,0.0,0,0,0,0.0,1.0,1.0,0.0,0.0,0.0,0,0.0,0.0,0.0,,,,0.0,0,0.0,0.0,0.0,0,0.0,0,0,1.0,1.0,0.0,0.0,1.0,0.0,0.0,0.0,0.0,0.0,0,0.0,2.0,2.0,2.0,2.0,1,0,1,1,1,0.0,0.0,,,,,,,,
micro_release_only,micro,1,2026-09-20,False,0,2,2,2,1,1,1,0,0,0.5,0.5,1.0,0.5,1,0.5,1,1,0.0,0.0,1.0,0.0,0.0,0.0,-0.0,0.0,1,1.0,1.0,0.0,0.0,0.0,,,,,,,0.0,0.0,0.0,0.0,0.0,0.0,0,0.0,0.0,0.0,,,,0.0,0,0.0,0.0,0.0,0,0.0,0,0,1.0,1.0,0.0,0.0,1.0,0.0,0.0,0.0,0.0,0.0,0,0.0,4.0,0,0,0,1,0,0,0,0,0.0,0.0,,,,,,,,
micro_unavoidable_overload,micro,12,2026-09-20,False,0,7,7,7,6,6,6,0,1,0.14285714285714285,0.14285714285714285,1.0,0.8571428571428571,1,0.3499271061118826,6,6,0.0,0.0,1.0,0.0,0.0,0.0,-0.0,0.0,6,1.0,1.0,1.0,1.0,0.0,1,1.0,0.0,1,1.0,1,1.0,1.0,1.0,0.0,0.8333333333333334,0.8333333333333334,0,0.0,0.0,0.0,,,,0.0,0,0.0,0.0,0.0,0,0.0,0,0,1.0,1.0,0.0,0.0,1.0,0.0,0.0,0.0,0.0,0.0,0,0.0,24.0,24.0,24.0,24.0,6,6,6,6,6,0.0,0.0,,,,,,,,
random_1001,random,1001,2026-09-20,True,14,60,60,56,53,53,53,0,43,0.05,0.05,1.0,0.95,1,0.21794494717703367,19,21,0.4716981132075472,0.2641509433962264,0.2641509433962264,0.0,0.0,0.0,0.5903333075052289,0.0,53,1.0,0.660377358490566,0.8301886792452831,0.5471698113207547,0.05660377358490566,16.310344827586206,15,9.27772061883165,16,15.0,2,0.0,0.09090909090909091,0.13636363636363635,0.0,0.40909090909090906,0.5428571428571429,5,0.09433962264150944,0.0,1.0,1.0,0.0,0.0,0.0,0,0.0,0.0,0.0,0,0.0,0,0,1.0,1.0,0.07017543859649122,0.0,0.9298245614035088,0.07017543859649122,0.2554424522554568,0.0,0.0,0.0,0,0.0,109.0,8.0,10.0,15.0,53,0,4,6,9,0.0,0.0,-0.2634441579632033,-0.06378880761674222,-0.15476216571885895,,,,0.17533312470662357,0.05812259758840537
random_1002,random,1002,2026-09-20,True,13,65,65,61,55,55,55,0,45,0.09230769230769231,0.09230769230769231,1.0,0.9076923076923077,1,0.28945981111118124,9.833333333333334,13,0.34545454545454546,0.2727272727272727,0.38181818181818183,0.0,0.0,0.0,0.60786629418722,0.0,55,1.0,0.509090909090909,0.8363636363636363,0.4,0.05454545454545454,18.136363636363637,18.0,8.449289666461235,16.565217391304348,18.0,1,0.021739130434782608,0.06521739130434782,0.15217391304347827,0.0,0.3695652173913043,0.5357142857142857,5,0.09090909090909091,0.0,0.8,1.0,0.0,0.0,0.0,0,0.0,0.0,0.0,0,0.0,0,0,1.0,1.0,0.06779661016949153,0.0,0.9322033898305084,0.06779661016949153,0.2513965588845987,0.0,0.0,0.0,0,0.0,133.0,7.0,18.0,26.0,55,1,3,7,11,0.0,0.03636363636363636,0.014381833651988276,-0.05696807981590338,-0.11426827888977577,,,,0.14648440275600572,0.01882919770143246
random_1003,random,1003,2026-09-20,True,23,86,86,85,79,79,79,0,48,0.06976744186046512,0.06976744186046512,1.0,0.9302325581395349,1,0.2547546779093796,13.333333333333334,18,0.34177215189873417,0.27848101265822783,0.379746835443038,0.0,0.0,0.0,0.6086933197296135,0.0,79,1.0,0.6329113924050633,0.8481012658227848,0.5443037974683544,0.06329113924050633,19.232558139534884,21,9.603384115986298,18.507462686567163,19,1,0.029850746268656716,0.05970149253731343,0.07462686567164178,0.0,0.4626865671641791,0.5800000000000001,7,0.08860759493670886,0.0,1.0,0.8571428571428571,0.0,0.14285714285714285,0.0,0,0.0,0.0,0.0,0,0.0,0,0,1.0,1.0,0.0125,0.0,0.9875,0.0125,0.11110243021644486,0.0,0.0,0.0,0,0.0,191.0,5.0,6.0,25.0,79,2,4,5,14,0.0,0.02531645569620253,0.03386311688716507,0.03421722661006251,-0.15420714261300833,,,,-0.11449562300384984,0.16504507121259945
random_1004,random,1004,2026-09-20,True,15,57,57,50,44,44,44,0,55,0.10526315789473684,0.10526315789473684,1.0,0.8947368421052632,1,0.30689220499185793,8.5,11,0.3181818181818182,0.2727272727272727,0.4090909090909091,0.0,0.0,0.0,0.6051944859180372,0.0,44,1.0,0.6136363636363636,0.7954545454545454,0.45454545454545453,0.045454545454545456,21.15,20.5,8.621339803070054,18.6,19,1,0.05714285714285714,0.11428571428571428,0.22857142857142856,0.0,0.34285714285714286,0.40740740740740744,3,0.06818181818181818,0.0,0.6666666666666666,1.0,0.0,0.0,0.0,0,0.0,0.0,0.0,0,0.0,0,0,1.0,1.0,0.13725490196078433,0.0,0.8627450980392157,0.13725490196078433,0.34411625048596556,0.0,0.0,0.0,0,0.0,110.0,10.0,26.0,30.0,44,2,4,8,9,0.0,0.0,-0.06705486736495488,0.03261303669466203,0.33054805096675255,,,,0.07354991780818255,-0.0075200561252806355
random_1005,random,1005,2026-09-20,True,18,76,76,68,62,62,62,0,47,0.07894736842105263,0.07894736842105263,1.0,0.9210526315789473,1,0.2696565991042,11.666666666666666,14,0.1935483870967742,0.3870967741935484,0.41935483870967744,0.0,0.0,0.0,0.5858329729944773,0.0,62,1.0,0.5,0.6774193548387096,0.3548387096774194,0.1774193548387097,16.863636363636363,14.5,8.920331498861843,15.142857142857142,14.0,1,0.023809523809523808,0.09523809523809523,0.21428571428571427,0.0,0.3571428571428571,0.4193548387096774,5,0.08064516129032258,0.0,0.6,1.0,0.0,0.0,0.0,0,0.0,0.0,0.0,0,0.0,0,0,1.0,1.0,0.11428571428571428,0.0,0.8857142857142857,0.11428571428571428,0.318157963590287,0.0,0.0,0.0,0,0.0,164.0,8.0,21.0,39.0,62,1,4,9,15,0.0,0.03225806451612903,0.04819280919150957,-0.125961165748493,-0.2003048766633969,,,,0.09111291089008965,-0.11712826757660544
random_1006,random,1006,2026-09-20,True,13,53,53,50,45,45,45,0,47,0.09433962264150944,0.09433962264150944,1.0,0.9056603773584906,1,0.29230062990244654,9.6,13,0.26666666666666666,0.4444444444444444,0.28888888888888886,0.0,0.0,0.0,0.598070666816606,0.0,45,1.0,0.6,0.8,0.5111111111111111,0.1111111111111111,21.82608695652174,21,9.902358849034266,21.25,21.0,1,0.027777777777777776,0.027777777777777776,0.08333333333333333,0.0,0.33333333333333337,0.4814814814814815,3,0.06666666666666667,0.0,0.3333333333333333,1.0,0.0,0.0,0.0,0,0.0,0.0,0.0,0,0.0,0,0,1.0,1.0,0.0625,0.0,0.9375,0.0625,0.24206145913796356,0.0,0.0,0.0,0,0.0,104.0,1.0,7.0,13.0,45,1,1,3,5,0.0,0.044444444444444446,-0.2766320049700579,0.2077648970480881,0.10036690759725213,,,,-0.03416956573137078,0.04281849593560242
random_1007,random,1007,2026-09-20,True,21,86,86,79,76,76,76,0,48,0.03488372093023256,0.03488372093023256,1.0,0.9651162790697675,1,0.18348527718673838,27.666666666666668,35,0.32894736842105265,0.3026315789473684,0.3684210526315789,0.0,0.0,0.0,0.6113201959659652,0.0,76,1.0,0.5526315789473685,0.8026315789473685,0.4473684210526316,0.09210526315789473,20.852941176470587,22.5,10.35298295446116,20.737704918032787,22,1,0.0,0.0,0.09836065573770492,0.0,0.4590163934426229,0.6190476190476191,8,0.10526315789473684,0.125,0.875,1.0,0.0,0.0,0.0,0,0.0,0.0,0.0,0,0.0,0,0,1.0,1.0,0.08433734939759036,0.0,0.9156626506024096,0.08433734939759036,0.27789307457038065,0.0,0.0,0.0,0,0.0,183.0,0,18.0,26.0,76,0,0,6,9,0.0,0.013157894736842105,0.08384172025022449,0.1137083395250537,0.17478100637122404,,,,0.047050212108541566,0.05264604708362877
random_1008,random,1008,2026-09-20,True,16,72,72,65,59,59,59,0,49,0.08333333333333333,0.08333333333333333,1.0,0.9166666666666666,1,0.2763853991962833,11,15,0.4067796610169492,0.288135593220339,0.3050847457627119,0.0,0.0,0.0,0.6064496168363597,0.0,59,1.0,0.576271186440678,0.8813559322033898,0.5084745762711864,0.05084745762711865,17.033333333333335,18.5,9.368327254934872,17.384615384615383,19.0,1,0.0,0.057692307692307696,0.1346153846153846,0.0,0.34615384615384615,0.5,2,0.03389830508474576,0.0,1.0,1.0,0.0,0.0,0.0,0,0.0,0.0,0.0,0,0.0,0,0,1.0,1.0,0.10606060606060606,0.0,0.8939393939393939,0.10606060606060606,0.30791517322578144,0.0,0.0,0.0,0,0.0,130.0,7.0,18.0,24.0,59,0,3,7,11,0.0,0.03389830508474576,0.18873326131248547,0.16077796394003982,-0.06442260511349997,,,,0.027121319605702153,-0.09083699889476424
random_1009,random,1009,2026-09-20,True,10,49,49,43,39,39,39,0,53,0.08163265306122448,0.08163265306122448,1.0,0.9183673469387755,1,0.2738042421428314,11.25,16,0.4358974358974359,0.41025641025641024,0.15384615384615385,0.0,0.0,0.0,0.5667298721077579,0.0,39,1.0,0.5897435897435898,0.7692307692307693,0.4358974358974359,0.07692307692307693,25.235294117647058,28,9.771082255456996,22.6,24.0,4,0.0,0.0,0.03333333333333333,0.0,0.19999999999999996,0.21739130434782605,5,0.1282051282051282,0.0,0.6,1.0,0.0,0.0,0.0,0,0.0,0.0,0.0,0,0.0,0,0,1.0,1.0,0.13333333333333333,0.0,0.8666666666666667,0.13333333333333333,0.339934634239519,0.0,0.0,0.0,0,0.0,73.0,0,4.0,10.0,39,0,0,1,7,0.0,0.02564102564102564,0.020035623346239515,-0.012111473473875286,-0.16575827295893963,,,,-0.2617464401782411,0.16089916792875714
random_1010,random,1010,2026-09-20,True,21,83,83,80,76,76,76,0,43,0.04819277108433735,0.04819277108433735,1.0,0.9518072289156626,1,0.2141733594533877,19.75,24,0.3815789473684211,0.2631578947368421,0.35526315789473684,0.0,0.0,0.0,0.6064453122404251,0.0,76,1.0,0.5,0.8552631578947368,0.42105263157894735,0.06578947368421052,21.03125,23.0,9.088056637009917,18.353846153846153,17,1,0.015384615384615385,0.06153846153846154,0.1076923076923077,0.0,0.5076923076923077,0.5526315789473684,6,0.07894736842105263,0.16666666666666663,0.8333333333333334,1.0,0.0,0.0,0.0,0,0.0,0.0,0.0,0,0.0,0,0,1.0,1.0,0.0379746835443038,0.0,0.9620253164556962,0.0379746835443038,0.1911350489941962,0.0,0.0,0.0,0,0.0,177.0,8.0,12.0,49.0,76,1,4,7,19,0.0,0.013157894736842105,0.32441369104632867,-0.004280693966255879,0.12419495021160785,,,,0.029042293139888452,-0.005477733094423057
random_1011,random,1011,2026-09-20,True,15,66,66,62,57,57,57,0,50,0.07575757575757576,0.07575757575757576,1.0,0.9242424242424242,1,0.2646098363117118,12.2,16,0.3157894736842105,0.38596491228070173,0.2982456140350877,0.0,0.0,0.0,0.6096102337165722,0.0,57,1.0,0.5789473684210527,0.7368421052631579,0.43859649122807015,0.12280701754385964,17.36,16,10.019500985578075,17.11904761904762,18.0,1,0.0,0.0,0.14285714285714285,0.0,0.40476190476190477,0.5454545454545454,7,0.12280701754385964,0.1428571428571429,0.8571428571428571,1.0,0.0,0.0,0.0,0,0.0,0.0,0.0,0,0.0,0,0,1.0,1.0,0.06557377049180328,0.0,0.9344262295081968,0.06557377049180328,0.2475355552547787,0.0,0.0,0.0,0,0.0,130.0,0,13.0,26.0,57,0,0,6,13,0.0,0.0,0.10805117004384833,-0.015022262715096964,-0.20342818913786515,,,,0.09027405924459006,0.0
random_1012,random,1012,2026-09-20,True,15,60,60,59,54,54,54,0,47,0.08333333333333333,0.08333333333333333,1.0,0.9166666666666666,1,0.2763853991962833,11,15,0.37037037037037035,0.3333333333333333,0.2962962962962963,0.0,0.0,0.0,0.6108456918966738,0.0,54,1.0,0.5,0.8888888888888888,0.4444444444444444,0.05555555555555555,15.583333333333334,18.0,10.339715770862476,16.458333333333332,17.0,1,0.0,0.0,0.10416666666666667,0.0,0.375,0.4444444444444444,5,0.09259259259259259,0.19999999999999996,0.8,0.75,0.0,0.25,0.0,0,0.0,0.0,0.0,0,0.0,0,0,1.0,1.0,0.01818181818181818,0.0,0.9818181818181818,0.01818181818181818,0.133608531424537,0.0,0.0,0.0,0,0.0,120.0,0,12.0,36.0,54,0,0,5,15,0.0,0.018518518518518517,-0.10701581868885493,-0.09926872004636887,0.028268459631760855,,,,0.22288261661191053,0.025536372688044155
random_1013,random,1013,2026-09-20,True,16,67,67,61,55,55,55,0,50,0.08955223880597014,0.08955223880597014,1.0,0.9104477611940298,1,0.2855392010404327,10.166666666666666,16,0.36363636363636365,0.36363636363636365,0.2727272727272727,0.0,0.0,0.0,0.6083738791013144,0.0,55,1.0,0.6,0.8181818181818182,0.4909090909090909,0.07272727272727272,20.62962962962963,22,9.019107897693274,20.022222222222222,22,1,0.022222222222222223,0.06666666666666667,0.08888888888888889,0.0,0.4,0.48484848484848486,3,0.05454545454545454,0.33333333333333337,1.0,1.0,0.0,0.0,0.0,0,0.0,0.0,0.0,0,0.0,0,0,1.0,1.0,0.09836065573770492,0.0,0.9016393442622951,0.09836065573770492,0.29780167417352377,0.0,0.0,0.0,0,0.0,120.0,3.0,5.0,15.0,55,1,3,4,9,0.0,0.0,-0.302734743930196,0.057366920534187786,-0.1386796142229466,,,,-0.17195898485719868,-0.07403481061800553
random_1014,random,1014,2026-09-20,True,18,63,63,58,55,55,55,0,54,0.047619047619047616,0.047619047619047616,1.0,0.9523809523809523,1,0.21295885499997996,20,24,0.2909090909090909,0.32727272727272727,0.38181818181818183,0.0,0.0,0.0,0.609662217293353,0.0,55,1.0,0.6727272727272727,0.8545454545454545,0.5818181818181818,0.05454545454545454,19.15625,19.5,8.83214786660074,18.48936170212766,19,2,0.0,0.02127659574468085,0.0425531914893617,0.0,0.2978723404255319,0.4864864864864865,7,0.12727272727272726,0.0,1.0,1.0,0.0,0.0,0.0,0,0.0,0.0,0.0,0,0.0,0,0,1.0,1.0,0.08333333333333333,0.0,0.9166666666666666,0.08333333333333333,0.2763853991962833,0.0,0.0,0.0,0,0.0,136.0,1.0,5.0,21.0,55,0,1,2,9,0.0,0.03636363636363636,0.1961408792546369,0.01840716893592366,-0.11154820353075792,,,,0.15146859944806293,-0.12179133063220465
random_1015,random,1015,2026-09-20,True,16,67,67,64,61,61,61,0,44,0.04477611940298507,0.04477611940298507,1.0,0.9552238805970149,1,0.20681203672464207,21.333333333333332,27,0.3770491803278688,0.3114754098360656,0.3114754098360656,0.0,0.0,0.0,0.610794966279511,0.0,61,1.0,0.5409836065573771,0.8032786885245902,0.45901639344262296,0.11475409836065574,16,16.0,7.837638128197258,15.73469387755102,16,1,0.02040816326530612,0.08163265306122448,0.12244897959183673,0.0,0.3877551020408163,0.5757575757575757,3,0.04918032786885246,0.0,0.6666666666666666,1.0,0.0,0.0,0.0,0,0.0,0.0,0.0,0,0.0,0,0,1.0,1.0,0.046875,0.0,0.953125,0.046875,0.21137108216357317,0.0,0.0,0.0,0,0.0,137.0,8.0,10.0,24.0,61,1,4,6,12,0.0,0.0,0.040554714546580294,0.10510343987003508,-0.08323907742760185,,,,0.09804020472759777,0.19819775663319866
random_1016,random,1016,2026-09-20,True,16,74,74,65,60,60,60,0,52,0.06756756756756757,0.06756756756756757,1.0,0.9324324324324325,1,0.25100237325684743,13.8,20,0.3,0.2833333333333333,0.4166666666666667,0.0,0.0,0.0,0.6045962152175973,0.0,60,1.0,0.6,0.7666666666666667,0.4666666666666667,0.1,18.714285714285715,18.5,9.92780058672594,18.347826086956523,18.0,2,0.0,0.021739130434782608,0.13043478260869565,0.0,0.30434782608695654,0.5,4,0.06666666666666667,0.0,1.0,1.0,0.0,0.0,0.0,0,0.0,0.0,0.0,0,0.0,0,0,1.0,1.0,0.13043478260869565,0.0,0.8695652173913043,0.13043478260869565,0.33678116053977536,0.0,0.0,0.0,0,0.0,152.0,1.0,13.0,28.0,60,0,1,6,11,0.0,0.016666666666666666,-0.05510305675099655,-0.02096286285855779,0.142722143112934,,,,0.05617765604118758,0.26269328461698926
random_1017,random,1017,2026-09-20,True,23,91,91,83,77,77,77,0,51,0.06593406593406594,0.06593406593406594,1.0,0.9340659340659341,1,0.24816680858541132,14.166666666666666,20,0.3246753246753247,0.3246753246753247,0.35064935064935066,0.0,0.0,0.0,0.6127737995763625,0.0,77,1.0,0.5194805194805194,0.7792207792207793,0.4025974025974026,0.1038961038961039,18.322580645161292,19,9.545771219706673,17.016666666666666,16.0,1,0.016666666666666666,0.03333333333333333,0.15,0.0,0.4833333333333333,0.55,5,0.06493506493506493,0.0,0.6,1.0,0.0,0.0,0.0,0,0.0,0.0,0.0,0,0.0,0,0,1.0,1.0,0.09411764705882353,0.0,0.9058823529411765,0.09411764705882353,0.2919923210821378,0.0,0.0,0.0,0,0.0,183.0,6.0,23.0,38.0,77,1,2,9,18,0.0,0.025974025974025976,0.22873767975220705,-0.011350819615826893,-0.011382997389568862,,,,-0.06404363966070147,0.045459893649856996
random_1018,random,1018,2026-09-20,True,20,92,92,89,83,83,83,0,47,0.06521739130434782,0.06521739130434782,1.0,0.9347826086956522,1,0.24690905851305536,14.333333333333334,19,0.24096385542168675,0.42168674698795183,0.3373493975903614,0.0,0.0,0.0,0.5991970937915672,0.0,83,1.0,0.5783132530120482,0.7349397590361446,0.3855421686746988,0.07228915662650602,18.40625,18.5,10.436891823598634,18.491803278688526,19,1,0.01639344262295082,0.01639344262295082,0.11475409836065574,0.0,0.3770491803278688,0.6041666666666667,7,0.08433734939759036,0.0,0.7142857142857143,1.0,0.0,0.0,0.0,0,0.0,0.0,0.0,0,0.0,0,0,1.0,1.0,0.03488372093023256,0.0,0.9651162790697675,0.03488372093023256,0.18348527718673838,0.0,0.0,0.0,0,0.0,202.0,2.0,17.0,38.0,83,1,1,7,17,0.0,0.024096385542168676,0.012355316694013503,0.15341092111870078,-0.03418339276444229,,,,-0.04722735123865045,0.12454032096558772
random_1019,random,1019,2026-09-20,True,18,69,69,64,61,61,61,0,53,0.043478260869565216,0.043478260869565216,1.0,0.9565217391304348,1,0.20393111999232302,22,29,0.29508196721311475,0.2786885245901639,0.4262295081967213,0.0,0.0,0.0,0.6025900053307494,0.0,61,1.0,0.5573770491803278,0.819672131147541,0.4918032786885246,0.11475409836065574,19.033333333333335,20.5,9.659134996928497,17.76,17.5,1,0.02,0.04,0.14,0.0,0.42000000000000004,0.4411764705882353,4,0.06557377049180328,0.0,0.75,1.0,0.0,0.0,0.0,0,0.0,0.0,0.0,0,0.0,0,0,1.0,1.0,0.07575757575757576,0.0,0.9242424242424242,0.07575757575757576,0.2646098363117118,0.0,0.0,0.0,0,0.0,156.0,8.0,20.0,28.0,61,1,2,7,12,0.0,0.03278688524590164,-0.02990530727365728,0.04561032614511996,-0.12143473702722739,,,,0.025548508377711342,-0.17259524849891142
random_1020,random,1020,2026-09-20,True,12,49,49,41,38,38,38,0,45,0.061224489795918366,0.061224489795918366,1.0,0.9387755102040817,1,0.2397416351932802,15.333333333333334,16,0.5263157894736842,0.21052631578947367,0.2631578947368421,0.0,0.0,0.0,0.5676902332002519,0.0,38,1.0,0.6842105263157895,0.7368421052631579,0.47368421052631576,0.05263157894736842,18.333333333333332,19.5,10.088497300281038,17.857142857142858,19.5,1,0.03571428571428571,0.03571428571428571,0.17857142857142858,0.0,0.1428571428571429,0.3846153846153846,3,0.07894736842105263,0.0,0.3333333333333333,1.0,0.0,0.0,0.0,0,0.0,0.0,0.0,0,0.0,0,0,1.0,1.0,0.17391304347826086,0.0,0.8260869565217391,0.17391304347826086,0.37903469074266727,0.0,0.0,0.0,0,0.0,76.0,1.0,6.0,7.0,38,1,1,5,6,0.0,0.0,0.09720702443454467,0.10250129642923382,-0.3000846446503112,,,,-0.030241037406341084,-0.2124573431428655
random_1021,random,1021,2026-09-20,True,24,85,85,76,72,72,72,0,47,0.047058823529411764,0.047058823529411764,1.0,0.9529411764705882,1,0.21176470588235294,20.25,28,0.3611111111111111,0.3472222222222222,0.2916666666666667,0.0,0.0,0.0,0.6108411027762555,0.0,72,1.0,0.5833333333333334,0.8194444444444444,0.4722222222222222,0.06944444444444445,16.735294117647058,16.5,8.755868027414232,16.915254237288135,16,1,0.0,0.05084745762711865,0.11864406779661017,0.0,0.4576271186440678,0.5476190476190477,3,0.041666666666666664,0.0,0.6666666666666666,0.5,0.0,0.5,0.0,0,0.0,0.0,0.0,0,0.0,0,0,1.0,1.0,0.1111111111111111,0.0,0.8888888888888888,0.1111111111111111,0.31426968052735443,0.0,0.0,0.0,0,0.0,160.0,8.0,16.0,30.0,72,0,3,7,15,0.0,0.0,-0.33540041281683675,0.1779802884794657,-0.11995797379464478,,,,0.042004054090912075,0.1548123958681005
random_1022,random,1022,2026-09-20,True,26,75,75,69,65,65,65,0,53,0.05333333333333334,0.05333333333333334,1.0,0.9466666666666667,1,0.2246973272847029,17.75,22,0.27692307692307694,0.36923076923076925,0.35384615384615387,0.0,0.0,0.0,0.608931510526898,0.0,65,1.0,0.6,0.8,0.47692307692307695,0.07692307692307693,22.032258064516128,23,9.542718456829057,21.307692307692307,22.5,2,0.0,0.0,0.057692307692307696,0.0,0.40384615384615385,0.5128205128205128,7,0.1076923076923077,0.0,0.8571428571428571,1.0,0.0,0.0,0.0,0,0.0,0.0,0.0,0,0.0,0,0,1.0,1.0,0.08450704225352113,0.0,0.9154929577464789,0.08450704225352113,0.2781467275793169,0.0,0.0,0.0,0,0.0,158.0,0,10.0,18.0,65,0,0,3,7,0.0,0.03076923076923077,-0.22928205096862223,0.011991021703377935,0.26874393880431857,,,,-0.2717914161090704,0.16315862267245124
random_1023,random,1023,2026-09-20,True,25,96,96,89,83,83,83,0,49,0.0625,0.0625,1.0,0.9375,1,0.24206145913796356,15,18,0.3493975903614458,0.27710843373493976,0.37349397590361444,0.0,0.0,0.0,0.6088262136372437,0.0,83,1.0,0.6144578313253012,0.8433734939759037,0.5301204819277109,0.07228915662650602,16.386363636363637,15.0,10.954899088973242,15.442857142857143,14.0,1,0.014285714285714285,0.04285714285714286,0.12857142857142856,0.0,0.4714285714285714,0.6274509803921569,9,0.10843373493975904,0.0,0.8888888888888888,0.75,0.0,0.25,0.0,0,0.0,0.0,0.0,0,0.0,0,0,1.0,1.0,0.07777777777777778,0.0,0.9222222222222223,0.07777777777777778,0.26782157318208777,0.0,0.0,0.0,0,0.0,199.0,9.0,20.0,59.0,83,1,3,9,26,0.0,0.04819277108433735,0.11146808409881416,0.07717208001050459,0.0326994877797928,,,,-0.03912487307933384,-0.03560946174221357
random_1024,random,1024,2026-09-20,True,17,78,78,74,71,71,71,0,44,0.038461538461538464,0.038461538461538464,1.0,0.9615384615384616,1,0.19230769230769232,25,28,0.29577464788732394,0.38028169014084506,0.323943661971831,0.0,0.0,0.0,0.6100804553176691,0.0,71,1.0,0.4788732394366197,0.7746478873239436,0.38028169014084506,0.1267605633802817,15.925925925925926,13,10.40628700968056,16.763636363636362,15,3,0.0,0.03636363636363636,0.05454545454545454,0.0,0.4545454545454546,0.5294117647058824,9,0.1267605633802817,0.2222222222222222,0.8888888888888888,1.0,0.0,0.0,0.0,0,0.0,0.0,0.0,0,0.0,0,0,1.0,1.0,0.05333333333333334,0.0,0.9466666666666667,0.05333333333333334,0.2246973272847029,0.0,0.0,0.0,0,0.0,167.0,5.0,9.0,37.0,71,0,2,3,15,0.0,0.014084507042253521,-0.05156658324559403,-0.18162416736336814,-0.07600171427885269,,,,0.1288269292391661,0.23798732841930614
random_1025,random,1025,2026-09-20,True,13,52,52,49,45,45,45,0,51,0.07692307692307693,0.07692307692307693,1.0,0.9230769230769231,1,0.2664693550105965,12,15,0.37777777777777777,0.3111111111111111,0.3111111111111111,0.0,0.0,0.0,0.6107166454372392,0.0,45,1.0,0.5555555555555556,0.8,0.4666666666666667,0.1111111111111111,17,18,9.49686665118955,18.805555555555557,21.0,1,0.027777777777777776,0.05555555555555555,0.08333333333333333,0.0,0.2222222222222222,0.48,4,0.08888888888888889,0.0,0.75,1.0,0.0,0.0,0.0,0,0.0,0.0,0.0,0,0.0,0,0,1.0,1.0,0.0625,0.0,0.9375,0.0625,0.24206145913796356,0.0,0.0,0.0,0,0.0,101.0,4.0,8.0,19.0,45,1,2,3,8,0.0,0.0,-0.1140870612316077,0.1630400589063435,0.14830757821378387,,,,0.021744269101781406,0.17741449662994802
realistic_deadline_heavy,realistic,102,2026-09-20,True,4,44,44,43,35,31,31,0,35,0.11363636363636363,0.2727272727272727,0.8857142857142857,1.5227272727272727,3,0.839064315544306,3.25,9,0.06451612903225806,0.3548387096774194,0.5483870967741935,0.0,0.03225806451612903,0.0,0.5495739487509368,0.03225806451612903,31,1.0,0.6451612903225806,1.0,0.6451612903225806,0.0,6.55,5.5,3.4420197558991434,8.129032258064516,7,0,0.0,0.12903225806451613,0.5483870967741935,0.0,0.5161290322580645,0.8,1,0.03225806451612903,0.0,1.0,0.0,0.0,1.0,0.0,0,0.0,0.0,0.0,0,0.0,0,0,1.0,1.0,0.027777777777777776,0.0,0.9722222222222222,0.027777777777777776,0.16433554953054488,0.0,0.1111111111111111,0.0,0,0.0,108.0,12.0,63.0,96.0,31,0,4,17,28,0.058823529411764705,0.03225806451612903,-0.3779767343046345,0.1269515578887195,-0.19554449696064974,0.15189388939354348,0.8257716066896921,,-0.24315431014335778,0.2896708142901699
realistic_normal_semester,realistic,101,2026-09-20,True,3,36,36,35,27,23,23,0,35,0.1388888888888889,0.3333333333333333,0.8518518518518519,1.6388888888888888,3,0.8867160944173538,2.5833333333333335,6,0.08695652173913043,0.30434782608695654,0.5652173913043478,0.0,0.043478260869565216,0.0,0.5766583392032063,0.043478260869565216,23,1.0,0.5217391304347826,1.0,0.5217391304347826,0.0,8.333333333333334,9.0,3.3747427885527643,9.608695652173912,9,0,0.0,0.043478260869565216,0.391304347826087,0.0,0.34782608695652173,0.75,1,0.043478260869565216,0.0,1.0,0.0,0.0,1.0,0.0,0,0.0,0.0,0.0,0,0.0,0,0,1.0,1.0,0.03571428571428571,0.0,0.9642857142857143,0.03571428571428571,0.18557687223952257,0.0,0.14285714285714285,0.0,0,0.0,84.0,4.0,39.0,72.0,23,0,1,9,20,0.1111111111111111,0.043478260869565216,0.3310222758341756,0.1532276238196368,-0.22328709486732926,0.21884264817595223,0.5778226148180596,,-0.34641016151377546,0.3283305998547543
realistic_overloaded_semester,realistic,104,2026-09-20,True,10,58,58,57,48,44,44,0,35,0.08620689655172414,0.22413793103448276,0.9166666666666666,1.5,3,0.7712506636670704,4.076923076923077,16,0.045454545454545456,0.3409090909090909,0.5227272727272727,0.0,0.06818181818181818,0.022727272727272728,0.6226116325292438,0.09090909090909091,44,1.0,0.75,1.0,0.75,0.0,8.121212121212121,5,5.470347480833845,8.840909090909092,7.0,0,0.0,0.13636363636363635,0.5454545454545454,0.0,0.5454545454545454,0.7575757575757576,1,0.022727272727272728,0.0,1.0,0.0,0.0,1.0,0.0,0,0.0,0.0,0.0,0,0.0,0,0,1.0,1.0,0.02040816326530612,0.0,0.9795918367346939,0.02040816326530612,0.14139190265868387,0.0,0.08163265306122448,0.0,0,0.0,196.0,18.0,83.0,116.0,44,0,6,24,35,0.041666666666666664,0.022727272727272728,-0.14949544663270017,-0.07310783571783933,-0.3880066940578559,0.22664800524118076,0.6721027266303881,,-0.06964826160753397,0.2484220912031495
realistic_project_heavy,realistic,103,2026-09-20,True,3,43,43,42,33,29,29,0,35,0.11627906976744186,0.3023255813953488,0.8787878787878788,1.6744186046511629,3,0.8274626453328928,2.923076923076923,6,0.06896551724137931,0.2413793103448276,0.5517241379310345,0.0,0.10344827586206896,0.034482758620689655,0.6733250067230855,0.13793103448275862,29,1.0,0.6206896551724138,1.0,0.6206896551724138,0.0,11.555555555555555,10.5,5.325225318365226,11.344827586206897,10,0,0.0,0.034482758620689655,0.3103448275862069,0.0,0.31034482758620685,0.5555555555555556,1,0.034482758620689655,0.0,1.0,0.0,0.0,1.0,0.0,0,0.0,0.0,0.0,0,0.0,0,0,1.0,1.0,0.029411764705882353,0.0,0.9705882352941176,0.029411764705882353,0.1689577248981773,0.0,0.11764705882352941,0.0,0,0.0,152.0,4.0,39.0,72.0,29,0,1,9,20,0.1111111111111111,0.034482758620689655,0.653263452452065,-0.25852322765255853,-0.4495263923353483,0.09046216290948837,0.5229056240440455,,-0.18236047045259202,0.2975668561442386
stress_50_same_deadline,stress,201,2026-09-20,False,0,51,51,51,50,50,50,0,0,0.0196078431372549,0.0196078431372549,1.0,0.9803921568627451,1,0.1386483884679505,50,50,0.34,0.34,0.32,0.0,0.0,0.0,0.6129224146510757,0.0,50,1.0,0.0,1.0,0.0,0.0,,,,7,7.0,7,0.0,0.0,1.0,0.0,0.98,0.0,0,0.0,0.0,0.0,,,,0.0,0,0.0,0.0,0.0,0,0.0,0,0,1.0,1.0,0.0,0.0,1.0,0.0,0.0,0.0,0.0,0.0,0,0.0,115.0,0,115.0,115.0,50,0,0,50,50,0.0,0.0,,-0.01471861471861472,,,,,,
stress_deep_hierarchy,stress,207,2026-09-20,False,0,31,31,31,30,1,1,0,0,0.03225806451612903,0.967741935483871,0.03333333333333333,15,30,8.94427190999916,1,1,0.0,1.0,0.0,0.0,0.0,0.0,-0.0,0.0,1,1.0,0.0,1.0,0.0,0.0,,,,30,30,30,0.0,0.0,0.0,0.0,0.0,0.0,0,0.0,0.0,0.0,,,,0.0,0,0.0,0.0,0.0,0,0.0,0,0,1.0,1.0,0.0,0.0,1.0,0.0,0.0,0.0,0.9666666666666667,0.0,0,0.0,2.0,0,0,0,1,0,0,0,0,0.0,0.0,,,,,,,,
stress_dense_fortnight,stress,203,2026-09-20,False,0,101,101,101,100,100,100,0,13,0.009900990099009901,0.009900990099009901,1.0,0.9900990099009901,1,0.09900990099009901,100,100,0.34,0.33,0.33,0.0,0.0,0.0,0.6130915649766274,0.0,100,1.0,1.0,1.0,1.0,0.0,6.45,7.0,3.380458548777074,6.45,7.0,0,0.0,0.1,0.46,0.0,0.89,0.96,0,0.0,0.0,0.0,,,,0.0,0,0.0,0.0,0.0,0,0.0,0,0,1.0,1.0,0.0,0.0,1.0,0.0,0.0,0.0,0.0,0.0,0,0.0,232.0,22.0,106.0,232.0,100,0,10,46,100,0.0,0.0,0.08052849507624824,-0.00693096088838795,-0.019172235767505364,,,,,
stress_impossible_capacity,stress,208,2026-09-20,False,0,81,81,81,80,80,80,0,4,0.012345679012345678,0.012345679012345678,1.0,0.9876543209876543,1,0.11042310999998961,80,80,0.0,0.0,1.0,0.0,0.0,0.0,-0.0,0.0,80,1.0,1.0,1.0,1.0,0.0,4,4.0,0.0,4,4.0,4,0.0,0.0,1.0,0.0,0.9875,0.9875,0,0.0,0.0,0.0,,,,0.0,0,0.0,0.0,0.0,0,0.0,0,0,1.0,1.0,0.0,0.0,1.0,0.0,0.0,0.0,0.0,0.0,0,0.0,320.0,0,320.0,320.0,80,0,0,80,80,0.0,0.0,,,,,,,,
stress_late_release_burst,stress,202,2026-09-20,False,0,36,36,36,35,35,35,0,3,0.027777777777777776,0.027777777777777776,1.0,0.9722222222222222,1,0.16433554953054488,35,35,0.0,1.0,0.0,0.0,0.0,0.0,-0.0,0.0,35,1.0,1.0,1.0,1.0,0.0,3,3,0.0,3,3,3,0.0,0.0,0.0,0.0,0.9714285714285714,0.9714285714285714,0,0.0,0.0,0.0,,,,0.0,0,0.0,0.0,0.0,0,0.0,0,0,1.0,1.0,0.0,0.0,1.0,0.0,0.0,0.0,0.0,0.0,0,0.0,70.0,0,0,70.0,35,0,0,0,35,0.0,0.0,,,,,,,,
stress_many_anchors,stress,206,2026-09-20,False,0,31,31,31,30,30,30,0,14,0.03225806451612903,0.03225806451612903,1.0,0.967741935483871,1,0.17668469596940842,30,30,0.0,1.0,0.0,0.0,0.0,0.0,-0.0,0.0,30,1.0,0.0,1.0,0.0,0.0,,,,9.5,9.5,5,0.0,0.0,0.3,0.0,0.6666666666666667,0.0,30,1.0,0.6666666666666667,1.0,1.0,0.0,0.0,0.0,0,0.0,0.0,0.0,0,0.0,0,0,1.0,1.0,0.0,0.0,1.0,0.0,0.0,0.0,0.0,0.0,0,0.0,60.0,0,18.0,60.0,30,0,0,9,30,0.0,0.8,0.33184688965809345,,,,,,,
stress_priority_ties,stress,205,2026-09-20,True,1,61,61,61,60,60,60,0,14,0.01639344262295082,0.01639344262295082,1.0,0.9836065573770492,1,0.12698306053139072,60,60,0.0,1.0,0.0,0.0,0.0,0.0,-0.0,0.0,60,1.0,0.0,1.0,0.0,0.0,,,,12,12.0,5,0.0,0.0,0.2,0.0,0.75,0.0,0,0.0,0.0,0.0,,,,0.0,0,0.0,0.0,0.0,0,0.0,0,0,1.0,1.0,0.0,0.0,1.0,0.0,0.0,0.0,0.0,0.0,0,0.0,120.0,0,24.0,80.0,60,0,0,12,40,0.0,0.0,0.24947847798010733,,,,,,,
stress_sparse_quarter,stress,204,2026-09-20,False,0,46,46,46,45,45,45,0,88,0.021739130434782608,0.021739130434782608,1.0,0.9782608695652174,1,0.1458305202717254,45,45,0.3333333333333333,0.3333333333333333,0.3333333333333333,0.0,0.0,0.0,0.6131471927654584,0.0,45,1.0,0.0,1.0,0.0,0.0,,,,47,47,3,0.0,0.022222222222222223,0.06666666666666667,0.0,0.0,0.0,0,0.0,0.0,0.0,,,,0.0,0,0.0,0.0,0.0,0,0.0,0,0,1.0,1.0,0.0,0.0,1.0,0.0,0.0,0.0,0.0,0.0,0,0.0,105.0,1.0,7.0,14.0,45,0,1,3,6,0.0,0.0,1.0,-0.06286946134619315,-0.06286946134619315,,,,,
